ATIVIDADES DE EXTENSÃO REGISTRADAS NA PRÓ-REITORIA DE EXTENSÃO UNIVERSITÁRIA (PROEXT) EM 2021 E HOMOLOGADAS PELO CONSELHO DE EXTENSÃO UNIVERSITÁRIA (COEXT) ,,,,,,,,,,,,
Registro,Título da Atividade,Coordenador da Atividade,Unidade UFTM,Modalidade,Área Temática Principal,Início,Término,Envio,Data do Registro,Edital,Órgão Financeiro ,Valores (R$)
01/2021,VIII CVIP - Curso de Verão em Imunoparasitologia,Carlo Jose Freire de Oliveira,PROPPG,Curso,Saúde,01/02/2021,04/02/2021,31/12/2020,08/01/2021,SIGProj - Ed. Fluxo Contínuo - 10/2017 - sem financeiro,Não Tem Recurso Financeiro,----
02/2021,O Controle Regulatório como base para a Otimização ,Lucas Pereira Pires,ICTE,Evento,Tecnologia e Produção,22/01/2021,28/01/2021,06/01/2021,18/01/2021,SIEX - Fluxo Contínuo,Não Tem Recurso Financeiro,----
03/2021,Suporte Avançado de Vida em Pediatria,Fabiana Jorge Bueno Galdino Barsam,HC,Curso,Saúde,29/01/2021,01/02/2021,30/12/2020,21/01/2021,SIGProj - Ed. Fluxo Contínuo - 10/2017 - sem financeiro,Não Tem Recurso Financeiro,----
04/2021,Jornal Ambientando: Engenharia Ambiental da UFTM em ação,Carla Eloisa Diniz dos Santos,ICTE,Projeto,Comunicação,10/02/2021,10/02/2023,08/01/2021,21/01/2021,SIEX - Fluxo Contínuo,Não Tem Recurso Financeiro,----
05/2021,"Seminário de Comemoração do Centenário de Paulo Freire: educação, política e movimentos sociais no Brasil hoje",José Henrique Singolano Néspoli,ICENE,Curso,Educação,16/02/2021,19/04/2021,19/01/2021,21/01/2021,SIEX - Fluxo Contínuo,Não Tem Recurso Financeiro,----
06/2021,"Webinar ""Nascer em tempos de COVID-19""",Mariana Torreglosa Ruiz,ICS,Evento,Saúde,09/02/2021,25/02/2021,26/01/2021,01/02/2021,SIEX - Fluxo Contínuo,Não Tem Recurso Financeiro,----
07/2021,Grupo de estudos sobre teoria e prática de terapia on-line,Eduardo Sousa Gotti,IELACHS,Curso,Saúde,12/02/2021,24/09/2021,14/01/2021,01/02/2021,SIEX - Fluxo Contínuo,Não Tem Recurso Financeiro,----
08/2021,Liga de Oftalmologia do Triângulo Mineiro,Firmani Mello Bento de Senne,ICS,Liga Acadêmica (Programa),Saúde,01/03/2021,01/03/2022,14/01/2021,03/02/2021,SIEX - Fluxo Contínuo,Não Tem Recurso Financeiro,----
09/2021,PIBID/UFTM: Diálogos Formativos entre Universidade e a Escola,Renato Fundão Vieira,ICENE,Projeto,Educação,04/02/2021,30/04/2022,08/01/2021,03/02/2021,SIEX - Fluxo Contínuo,Não Tem Recurso Financeiro,----
10/2021,Liga de Botânica Graziela Maciel Barroso ,"Livia Constancio de Siqueira Alterado para: FLAVIA DE SOUZA LIMA, em 30.11.2021.",ICENE,Liga Acadêmica (Programa),Educação,12/02/2021,13/02/2022,14/01/2021,04/02/2021,SIEX - Fluxo Contínuo,Não Tem Recurso Financeiro,----
11/2021,Aumentando a capacidade de hospedagem fotovoltaica das redes de distribuição: O papel dos inversores inteligentes e armazenamento,Fabrício Augusto Matheus Moura,ICTE,Evento,Tecnologia e Produção,22/03/2021,31/03/2021,01/02/2021,05/02/2021,SIEX - Fluxo Contínuo,Não Tem Recurso Financeiro,----
12/2021,"Educação Integral, Integrada e Integradora: histórico, concepções, percepções, teorias e práticas",Regina Maria Rovigati Simões,ICS,Curso,Educação,15/02/2021,17/12/2021,11/01/2021,05/02/2021,SIEX - Fluxo Contínuo,Não Tem Recurso Financeiro,----
13/2021,Liga de Coloproctologia,Luciano Ricardo Pelegrinelli,HC - Hospital de Clínicas,Liga Acadêmica (Programa),Educação,10/2/2021,11/08/2021,10/12/2020,10/02/2021,SIGProj - Ed. Fluxo Contínuo - 10/2017 - sem financeiro,Não Tem Recurso Financeiro,----
14/2021,Capacitação em biossegurança para o retorno das aulas presenciais,Guilherme Ferreto,Cefores,Curso,Saúde,3/3/2021,31/5/2021,2/2/2021,11/02/2021,SIEX - Fluxo Contínuo,Não Tem Recurso Financeiro,----
15/2021,LIGA ACADÊMICA DE SAÚDE MENTAL E PSIQUIATRIA,Tomas Rotelli de Oiveira Ferreira,ICS,Liga Acadêmica (Programa),Educação,10/03/2021,10/03/2022,10/02/2021,19/02/2021,SIEX - Fluxo Contínuo,Não Tem Recurso Financeiro,----
16/2021,Gestão de Compras no Setor Público,Luci Aparecida Souza Borges de Faria,SADMI/Iturama,Curso,Trabalho,22/02/2021,22/03/2021,27/01/2021,22/02/2021,SIEX - Fluxo Contínuo,Não Tem Recurso Financeiro,----
17/2021,III Simpósio Introdutório a Liga Acadêmica de Ciências Forenses,Siomar de Castro Soares,ICBN,Evento,Direitos Humanos e Justiça,22/02/2021,23/02/2021,02/02/2021,22/02/2021,SIEX - Fluxo Contínuo,Não Tem Recurso Financeiro,----
18/2021,Liga Acadêmica de Patologia Geral e Nefropatologia,Juliana Reis Machado e Silva,ICBN,Liga Acadêmica (Programa),Saúde,31/03/2021,30/03/2022,20/01/2021,22/02/2021,SIEX - Fluxo Contínuo,Não Tem Recurso Financeiro,----
19/2021,"Construir a História local: imigração, modernização e patrimônio em Paineiras-Peirópolis",Claudia Regina Bovo,IELACHS,Projeto,Educação,02/03/2021,28/02/2022,02/02/2021,23/02/2021,SIEX - Fluxo Contínuo,Não Tem Recurso Financeiro,----
20/2021,I Simpósio e Curso Introdutório à Liga de Saúde Mental e Psiquiatria,Tomas Rotelli de Oiveira Ferreira,ICS,Evento,Educação,01/03/2021,01/03/2021,14/02/2021,24/02/2021,SIEX - Fluxo Contínuo,Não Tem Recurso Financeiro,----
21/2021,“O método cartográfico e os estudos de Deleuze e seus intercessores”,Fernanda Borges de Andrade,IELACHS,Projeto,Educação,09/03/2021,13/07/2021,04/02/2021,24/02/2021,SIEX - Fluxo Contínuo,Não Tem Recurso Financeiro,----
22/2021,Equipe Triângulo Verde 2021,Tobias Anderson Guimarães,ICTE,Projeto,Tecnologia e Produção,10/03/2021,31/12/2021,10/02/2021,24/02/2021,SIEX - Fluxo Contínuo,Não Tem Recurso Financeiro,----
23/2021,XIV SNHM,Mônica de Cássia Siqueira Martines,ICENE,Evento,Educação,08/03/2021,08/04/2021,22/02/2021,26/02/2021,SIEX - Fluxo Contínuo,Não Tem Recurso Financeiro,----
24/2021,(PARA ALÉM DO MERCADO DE TRABALHO): Projetos de Vida e Saúde de Adolescentes” - Ano II,Ailton de Souza Aragão,ICS,Programa,Educação,01/03/2021,01/12/2021,19/12/2020,26/02/2021,SIGProj -  Edital PIBEX nº  07/2020 - com bolsa,PROEXT-UFTM,"R$ 7.200,00"
25/2021," Banco de sementes crioulas e tradicionais: resgatar, multiplicar e conservar",Aline de Oliveira Matoso,Campus Universitário de Iturama,Programa,Meio ambiente,01/03/2021,01/12/2021,18/12/2020,26/02/2021,SIGProj -  Edital PIBEX nº  07/2020 - com bolsa,PROEXT-UFTM,"R$ 7.200,00"
26/2021,Grupo de Apoio à Gestação e Adolescência,Ana Cecília Oliveira Silva,Campus Universitário de Iturama,Projeto,Educação,01/03/2021,01/12/2021,10/12/2020,26/02/2021,SIGProj -  Edital PIBEX nº  07/2020 - com bolsa,PROEXT-UFTM,"R$ 3.600,00"
27/2021,Programa de Microbiologia para Prevenção de Doenças Infecciosas,Anderson Assunção Andrade,ICBN,Programa,Saúde,01/03/2021,01/12/2021,20/12/2020,26/02/2021,SIGProj -  Edital PIBEX nº  07/2020 - com bolsa,PROEXT-UFTM,"R$ 3.600,00"
28/2021,Liga Acadêmica de Sustentabilidade,Bruna Lopes Coêlho ,ICTE,Liga Acadêmica (Programa),Meio ambiente,01/03/2021,01/12/2021,20/12/2020,26/02/2021,SIGProj -  Edital PIBEX nº  07/2020 - com bolsa,PROEXT-UFTM,"R$ 7.200,00"
29/2021,Tecnologia de controle de dados à favor da vida: aplicativo de gestão para o Pronto-Socorro do HC-UFTM,Carlo Jose Freire de Oliveira,HC - Hospital de Clínicas,Projeto,Saúde,01/03/2021,01/12/2021,20/12/2020,26/02/2021,SIGProj -  Edital PIBEX nº  07/2020 - com bolsa,PROEXT-UFTM,"R$ 3.600,00"
30/2021,Barbaridades Medievais: educação histórica e divulgação científica via Instagram,Cláudia Regina Bovo,IELACHS,Projeto,Educação,01/03/2021,01/12/2021,17/12/2020,26/02/2021,SIGProj -  Edital PIBEX nº  07/2020 - com bolsa,PROEXT-UFTM,"R$ 3.600,00"
31/2021,Intervenção precoce para lactentes de risco (11ª. Edição),Elaine Leonezi Guimarães,ICS,Projeto,Saúde,01/03/2021,01/12/2021,16/12/2020,26/02/2021,SIGProj -  Edital PIBEX nº  07/2020 - com bolsa,PROEXT-UFTM,"R$ 3.600,00"
32/2021,Produção de materiais didáticos virtuais de Física,Esdras Viggiano de Souza,ICENE,Projeto,Educação,01/03/2021,01/12/2021,20/12/2020,26/02/2021,SIGProj -  Edital PIBEX nº  07/2020 - com bolsa,PROEXT-UFTM,"R$ 3.600,00"
33/2021,"GRUPO DE ESTUDO, PESQUISA E EXTENSÃO EM AGRICULTURA TROPICAL - GEPEAT",Flávio Hiroshi Kaneko ,Campus Universitário de Iturama,Programa,Tecnologia e Produção,01/03/2021,01/12/2021,17/12/2020,26/02/2021,SIGProj -  Edital PIBEX nº  07/2020 - com bolsa,PROEXT-UFTM,"R$ 7.200,00"
34/2021,"Construção do conhecimento, junto a produtores do pontal do triangulo mineiro, sobre perdas de solo por erosão hídrica em diferentes métodos de alinhamento de plantio de Arachis hypogaea",Helder Barbosa Paulino, Campus Universitário de Iturama,Projeto,Educação,01/03/2021,01/12/2021,20/12/2020,26/02/2021,SIGProj -  Edital PIBEX nº  07/2020 - com bolsa,PROEXT-UFTM,"R$ 3.600,00"
35/2021,Liga Acadêmica de Psicologia e Educação - LAPSE (2021),Helena de Ornellas Sivieri Pereira ,IELACHS,Liga Acadêmica (Programa),Educação,01/03/2021,01/12/2021,18/12/2020,26/02/2021,SIGProj -  Edital PIBEX nº  07/2020 - com bolsa,PROEXT-UFTM,"R$ 7.200,00"
36/2021,"Arte, Cultura e Decolonialidade: Por uma Ecologia de Saberes",Heliana Castro Alves,ICS,Projeto,Cultura,01/03/2021,01/12/2021,19/12/2020,26/02/2021,SIGProj -  Edital PIBEX nº  07/2020 - com bolsa,PROEXT-UFTM,"R$ 3.600,00"
37/2021,DATALUTA - Banco de Dados da Luta pela Terra,Janaina Francisca de Souza Campos Vinha,IELACHS,Projeto,Direitos Humanos e Justiça,01/03/2021,01/12/2021,20/12/2020,26/02/2021,SIGProj -  Edital PIBEX nº  07/2020 - com bolsa,PROEXT-UFTM,"R$ 3.600,00"
38/2021,Telessaúde para atenção integral aos usuários com doenças crônicas da Atenção Básica em Saúde de Uberaba – MG,Juliana Martins Pinto,ICS,Programa,Saúde,01/03/2021,01/12/2021,20/12/2020,26/02/2021,SIGProj -  Edital PIBEX nº  07/2020 - com bolsa,PROEXT-UFTM,"R$ 7.200,00"
39/2021,Programa Universidade Aberta a Terceira Idade,Lislei Jorge Patrizzi ,ICS,Programa,Saúde,01/03/2021,01/12/2021,20/12/2020,26/02/2021,SIGProj -  Edital PIBEX nº  07/2020 - com bolsa,PROEXT-UFTM,"R$ 7.200,00"
40/2021,Promoção de estratégias voltadas à adesão ao tratamento de HIV/Aids para pacientes do Centro de Testagem e Aconselhamento de Uberaba,Luciana de Almeida Silva Teixeira,ICS,Projeto,Saúde,01/03/2021,01/12/2021,18/12/2020,26/02/2021,SIGProj -  Edital PIBEX nº  07/2020 - com bolsa,PROEXT-UFTM,"R$ 3.600,00"
41/2021,Oficinas de Parentalidade,Luciana Maria da Silva,ICS,Programa,Direitos Humanos e Justiça,01/03/2021,01/12/2021,20/12/2020,26/02/2021,SIGProj -  Edital PIBEX nº  07/2020 - com bolsa,PROEXT-UFTM,"R$ 7.200,00"
42/2021,Desvelando o Potencial Cultural da Astronomia por meio de Atividades Extensionistas,Marcos Dionizio Moreira,ICENE,Programa,Cultura,01/03/2021,01/12/2021,17/12/2020,26/02/2021,SIGProj -  Edital PIBEX nº  07/2020 - com bolsa,PROEXT-UFTM,"R$ 7.200,00"
43/2021,EducaParasito - Educação Parasitológica em Saúde para Alunos do Ensino Fundamental,Marcos Vinícius da Silva,ICBN,Projeto,Saúde,01/03/2021,01/12/2021,20/12/2020,26/02/2021,SIGProj -  Edital PIBEX nº  07/2020 - com bolsa,PROEXT-UFTM,"R$ 3.600,00"
44/2021,Capim na Medida Certa,Paula de Aguiar Silva ,Campus Universitário de Iturama,Programa,Tecnologia e Produção,01/03/2021 - 01/04/2021,01/12/2021 - 01/07/2022,20/12/2020,26/02/2021,SIGProj -  Edital PIBEX nº  07/2020 - com bolsa e Edital nº 04/2021 (Fomento Institucional),PROEXT-UFTM,"R$ 7.200,00 / R$ 2.400,00"
45/2021,Programa de Atividades Gímnicas na Universidade - PAGU ,Regina Maria Rovigati Simões,ICS,Programa,Saúde,01/03/2021,01/12/2021,19/12/2020,26/02/2021,SIGProj -  Edital PIBEX nº  07/2020 - com bolsa,PROEXT-UFTM,"R$ 7.200,00"
46/2021,"Incêndios Florestais, Educação Ambiental e Geoprocessamento",Ricardo Vicente Ferreira ,IELACHS,Projeto,Meio ambiente,01/03/2021,01/12/2021,19/12/2020,26/02/2021,SIGProj -  Edital PIBEX nº  07/2020 - com bolsa,PROEXT-UFTM,"R$ 3.600,00"
47/2021, Memória Viva,Rodrigo César Rosa,ICBN,Programa,Cultura,01/03/2021,01/12/2021,20/12/2020,26/02/2021,SIGProj -  Edital PIBEX nº  07/2020 - com bolsa (09 meses - março a novembro/21) + 1 Bolsa PS DDCULT 06/2021 (08 meses - maio a dez/21),PROEXT-UFTM,"R$ 10.400,00"
48/2021, PROGRAMA REEDUCA COVID-19,Rodrigo Juliano Molina,ICS,Programa,Saúde,01/03/2021,01/12/2021,12/11/2020,26/02/2021,SIGProj -  Edital PIBEX nº  07/2020 - com bolsa,PROEXT-UFTM,"R$ 7.200,00"
49/2021,Territórios de Vida: Saúde Mental e Inserção Comunitária - Ano III,Rosimar Alves Querino ,ICS,Programa,Saúde,01/03/2021,01/12/2021,19/12/2020,26/02/2021,SIGProj -  Edital PIBEX nº  07/2020 - com bolsa,PROEXT-UFTM,"R$ 7.200,00"
50/2021,Educação para a Sexualidade: uma Proposta Conscientizadora para Alunos e Professores da Educação Básica ,Simone Acrani,ICBN,Programa,Saúde,01/03/2021,01/12/2021,20/12/2020,26/02/2021,SIGProj -  Edital PIBEX nº  07/2020 - com bolsa,PROEXT-UFTM,"R$ 7.200,00"
51/2021,Agita Campus,Suziane Peixoto dos Santos Naves,ICS,Projeto,Saúde,01/03/2021,01/12/2021,11/12/2020,26/02/2021,SIGProj -  Edital PIBEX nº  07/2020 - com bolsa,PROEXT-UFTM,"R$ 3.600,00"
52/2021, Liga de Sexualidade (LiS/UFTM),Walter Mariano de Faria Silva Neto ,IELACHS,Liga Acadêmica (Programa),Saúde,01/03/2021,01/12/2021,18/12/2020,26/02/2021,SIGProj -  Edital PIBEX nº  07/2020 - com bolsa,PROEXT-UFTM,"R$ 7.200,00"
53/2021,11ª Calourada ICENE,Janaina Farias de Ornellas,ICENE,Evento,Educação,26/03/2021,31/03/2021,03/03/2021,03/03/2021,SIEX - Fluxo Contínuo,Não Tem Recurso Financeiro,----
54/2021,UFTM Cultural,Sandra Eleutério Campos Martins,Proace,Programa,Cultura,01/04/2021,01/04/2023,15/02/2021,05/03/2021,SIEX - Fluxo Contínuo,PROEXT - UFTM (2 Bolsas de Extensão - 09 meses/2021 - PS DDCULT nº 06/2021) / (02 bolsas de Extensão - 09 meses/2022 - Ed. PROEXT 13/2021),"R$ 7.200,00 / R$ 7.200,00"
55/2021,Liga Acadêmica do Núcleo Interdisciplinar de Estudos em Revisões Sistemáticas - NIERS/UFTM,Leonardo Augusto Lombardi,ICBN,Liga Acadêmica (Programa),Saúde,05/04/2021,05/04/2022,09/02/2021,05/03/2021,SIEX - Fluxo Contínuo,Não Tem Recurso Financeiro,----
56/2021,Liga de Emergências Clínicas,Leandro de Resende Yamamoto,ICS,Liga Acadêmica (Programa),Saúde,01/03/2021,01/03/2022,25/01/2021,08/03/2021,SIEX - Fluxo Contínuo,Não Tem Recurso Financeiro,----
57/2021,Ateliê Colaborativo II- práticas pedagógicas em tempos de Covid-19,Fernanda Borges de Andrade,IELACHS,Projeto,Educação,13/03/2021,04/12/2021,03/02/2021,08/03/2021,SIEX - Fluxo Contínuo,Não Tem Recurso Financeiro,----
58/2021,Estudos continuados em clínica psicanalítica winnicottiana,Conceição Aparecida Serralha,IELACHS,Prestação de Serviços,Saúde,09/03/2021,10/12/2021,09/02/2021,08/03/2021,SIEX - Fluxo Contínuo,Não Tem Recurso Financeiro,----
59/2021,Produção de álcool em gel 70 %,Luís Antônio da Silva,ICENE,Projeto,Saúde,05/04/2021,04/04/2023,07/03/2021,09/03/2021,SIEX - Fluxo Contínuo,Não Tem Recurso Financeiro,----
60/2021,I Concurso de fotografia do Geopark Uberaba - Terra de Gigantes ,GYZAH AMUI BARROS PEREIRA,Proext/DDEX,Evento,Cultura,20/10/2020,11/02/2021,11/03/2021,11/03/2021,SIEX - Fluxo Contínuo,Não Tem Recurso Financeiro,----
61/2021,Universidade em Cena,Luciana Moura Colucci de Camargo,IELACHS,Programa,Cultura,01/04/2021,01/04/2023,15/02/2021,12/03/2021,SIEX - Fluxo Contínuo,PROEXT - UFTM (1 Bolsa de Extensão - 09 meses/2021 - PS DDCULT nº 06/2021) / (01 bolsa de Extensão - 09 meses/2022 - Ed. PROEXT 13/2021),"R$ 3.600,00 / R$ 3.600,00"
62/2021,Comunidade de práticas em terapia ocupacional no SUAS: articulação profissional e construções de estratégias,MARINA LEANDRINI DE OLIVEIRA,ICS,Projeto,Direitos Humanos e Justiça,05/04/2021,28/12/2021,08/03/2021,16/03/2021,SIEX - Fluxo Contínuo,Não Tem Recurso Financeiro,----
63/2021,Liga de Psicologia do Desenvolvimento Humano da Criança e do Adolescente,Conceição Aparecida Serralha  - Alterado para: VILMA VALERIA DIAS COUTO,IELACHS,Liga Acadêmica (Programa),Educação,16/08/2021,20/12/2025,03/03/2021,17/03/2021,SIEX - Fluxo Contínuo,Não Tem Recurso Financeiro,----
64/2021,Liga Acadêmica de Ciências Forenses – LACF,SIOMAR DE CASTRO SOARES,ICBN,Liga Acadêmica (Programa),Direitos Humanos e Justiça,16/04/2021,16/04/2022,11/03/2021,18/03/2021,SIEX - Fluxo Contínuo,Não Tem Recurso Financeiro,----
65/2021,Centro de Estudos Unificados,MARIANA RISSI AZEVEDO,Campus Universitário de Iturama,Programa,Educação,15/04/2021,15/04/2026,18/03/2021,19/03/2021,SIEX - Fluxo Contínuo,Não Tem Recurso Financeiro,----
66/2021,LIGA ACADÊMICA DE SAÚDE E ESPIRITUALIDADE DA UNIVERSIDADE FEDERAL DO TRIÂNGULO MINEIRO (LIASE - UFTM),Adriana Clemente Mendonça,ICS,Liga Acadêmica (Programa),Saúde,01/03/2021,01/12/2021,18/12/2020,19/03/2021,SIGProj - Edital PIBEX nº  07/2020 - sem bolsa,Não Tem Recurso Financeiro,----
67/2021,Laboratório de Ensino de História e Estágio Supervisionado (LEHES) e o espaço virtual,Anelise Martinelli Borges de Oliveira,IELACHS,Projeto,Educação,19/03/2021,19/07/2022,19/02/2021,19/03/2021,SIEX - Fluxo Contínuo,Não Tem Recurso Financeiro,----
68/2021,Liga de Cirurgia Plástica e Dermatologia,MANOEL PEREIRA DA SILVA NETO,ICS,Liga Acadêmica (Programa),Saúde,12/05/2021,08/12/2021,04/03/2021,22/03/2021,SIEX - Fluxo Contínuo,Não Tem Recurso Financeiro,----
69/2021,"COVID-19 na gestação, parto e puerpério",MARIANA TORREGLOSA RUIZ,ICS,Curso,Saúde,12/04/2021,15/04/2021,11/03/2021,22/03/2021,SIEX - Fluxo Contínuo,Não Tem Recurso Financeiro,----
70/2021,Liga Acadêmica de Medicina Integrada ao Exercício,MURILO ANTONIO ROCHA,ICS,Liga Acadêmica (Programa),Saúde,08/04/2021,08/04/2022,11/03/2021,22/03/2021,SIEX - Fluxo Contínuo,Não Tem Recurso Financeiro,----
71/2021,Simpósio Aprimorando os Conhecimentos,PATRICIA HELENA ZANIER GOMES,ICBN,Evento,Educação,07/04/2021,30/06/2021,15/03/2021,22/03/2021,SIEX - Fluxo Contínuo,Não Tem Recurso Financeiro,----
72/2021,UFTM Finance Club,THIAGO HENRIQUE BARNABE CORREA,ICENE,Liga Acadêmica (Programa),Educação,12/04/2021,11/04/2023,15/03/2021,22/03/2021,SIEX - Fluxo Contínuo,Não Tem Recurso Financeiro,----
73/2021,IX Curso Introdutório e VIII Simpósio da Liga de Emergências Clínicas da UFTM,LEANDRO DE RESENDE YAMAMOTO,ICS,Evento,Saúde,13/04/2021,13/04/2021,21/03/2021,25/03/2021,SIEX - Fluxo Contínuo,Não Tem Recurso Financeiro,----
74/2021,Enfermagem Obstétrica: reinventando caminhos em meio à pandemia - Segunda edição,MARIANA TORREGLOSA RUIZ,ICS,Evento,Saúde,07/04/2021,28/04/2021,24/03/2021,25/03/2021,SIEX - Fluxo Contínuo,Não Tem Recurso Financeiro,----
75/2021,Mulheres Unidas,MARIANA RISSI AZEVEDO,Campus Universitário de Iturama,Projeto,Direitos Humanos e Justiça,15/04/2021,10/01/2022,18/03/2021,25/03/2021,SIEX - Fluxo Contínuo,Não Tem Recurso Financeiro,----
76/2021,XIV Oficinas Preparatórias para Postulantes à Adoção,CLAUDIA HELENA JULIAO,IELACHS,Projeto,Direitos Humanos e Justiça,22/04/2021,16/12/2022,24/03/2021,26/03/2021,SIEX - Fluxo Contínuo,Não Tem Recurso Financeiro,----
77/2021,Desenvolvimento de aplicativo (mHealth) para avaliação da capacidade funcional e de site para orientação de Exercício Físico para idosos,ANDERSON DIOGO DE SOUZA LINO,ICS,Projeto,Saúde,11/04/2021,30/09/2021,12/03/2021,26/03/2021,SIEX - Fluxo Contínuo,Não Tem Recurso Financeiro,----
78/2021,UFTM e agricultura familiar: promovendo o desenvolvimento rural na região do pontal do triângulo,Ariane Fernandes da Conceição,Campus Universitário de Iturama,Programa,Educação,01/03/2021,01/12/2021,18/12/2020,26/03/2021,SIGProj - Edital PIBEX nº  07/2020 - sem bolsa,PROEXT - UFTM,"R$ 2.000,00"
79/2021,II Simpósio e curso introdutório à Liga de Oftalmologia do Triângulo Mineiro,FIRMANI MELLO BENTO DE SENNE,ICS,Evento,Saúde,09/04/2021,09/04/2021,04/03/2021,29/03/2021,SIEX - Fluxo Contínuo,Não Tem Recurso Financeiro,----
80/2021,Liga Acadêmica de Circulação Extracorpórea (LACEC),Fernanda Machado Fonseca,ICS,Liga Acadêmica (Programa),Saúde,20/04/2021,20/12/2021,02/03/2021,29/03/2021,SIEX - Fluxo Contínuo,Não Tem Recurso Financeiro,----
81/2021,Dialogando com saberes,Ingrid Nunes Derossi,Campus Universitário de Iturama,Programa,Educação,24/03/2021,24/12/2021,20/02/2021,29/03/2021,SIGProj - Edital n.º 01/2021 - Fomento à Cultura,PROEXT-UFTM,"R$ 1.000,00"
82/2021,"Encontros Musicais UFTM -
Edição 2021",Alexandre Santiago Rincon ,PROEXT,Projeto,Cultura,01/08/2021,31/12/2021,03/03/2021,29/03/2021,SIGProj - Edital n.º 01/2021 - Fomento à Cultura,PROEXT-UFTM,"R$ 1.000,00"
83/2021,"DEIXAR A BOCA CHEIA
D’ÁGUA: um estudo etnográfico
na associação das doceiras de
Peirópolis",Alberto Luiz Pereira da Costa ,ICENE,Projeto,Cultura,24/03/2021,30/12/2021,03/03/2021,29/03/2021,SIGProj - Edital n.º 01/2021 - Fomento à Cultura,PROEXT-UFTM,"R$ 1.000,00"
84/2021,CultCast,Raphael Ilidio Arduini ,PROEXT,Projeto,Cultura,24/03/2021,24/12/2021,21/02/2021,29/03/2021,SIGProj - Edital n.º 01/2021 - Fomento à Cultura,PROEXT-UFTM,"R$ 1.000,00"
85/2021,Divulgando Ciência: L-Psicobio nas Redes Sociais,Sionaldo Eduardo Ferreira ,ICS,Projeto,Saúde,24/03/2021,31/12/2021,21/02/2021,29/03/2021,SIGProj - Edital n.º 01/2021 - Fomento à Cultura,PROEXT-UFTM,"R$ 956,80"
86/2021,Oficina Infantil de cookies,Andreia Fernandes Malaquias,PROEXT,Projeto,Cultura,24/04/2021,24/12/2021,15/02/2021,29/03/2021,SIGProj - Edital n.º 01/2021 - Fomento à Cultura,PROEXT-UFTM,"R$ 1.000,00"
87/2021,Clube de leitura da UFTM,Sâmia Souza Carvalho ,PROEXT,Projeto,Cultura,24/03/2021,24/12/2021,19/02/2021,29/03/2021,SIGProj - Edital n.º 01/2021 - Fomento à Cultura,PROEXT-UFTM,"R$ 1.000,00"
88/2021,Conexão Cultural,Fábio Garcia dos Santos ,PROEXT,Projeto,Cultura,26/03/2021,26/12/2021,02/03/2021,29/03/2021,SIGProj - Edital n.º 01/2021 - Fomento à Cultura,PROEXT-UFTM,"R$ 1.000,00"
89/2021,ESTUDOS DOS ORIXÁS PARA DECOLONIZAÇÃO DOS ARQUÉTIPOS: EXPRESSÕES SIMBÓLICAS E RITOS COTIDIANOS.,Claudia Franco Monteiro ,ICS,Projeto,Cultura,01/04/2021,26/11/2021,03/03/2021,29/03/2021,SIGProj - Edital n.º 01/2021 - Fomento à Cultura,PROEXT-UFTM,"R$ 1.000,00"
90/2021,Liga Acadêmica de Estética Avançada,MARCIA ANTONIAZI MICHELIN,ICBN,Liga Acadêmica (Programa),Saúde,15/04/2021,14/04/2022,18/03/2021,29/03/2021,SIEX - Fluxo Contínuo,Não Tem Recurso Financeiro,----
91/2021,(Con) Viver com Arte: espaços de co-construção de sujeitos na Saúde Mental - Ano III,Rosimar Alves Querino,ICS,Projeto,Saúde,01/04/2021,01/07/2022,23/02/2021,29/03/2021,SIGProj - Edital n.º 04/2021 - Fomento,PROEXT-UFTM,"R$ 2.373,51"
92/2021,Aplicação de Estação Meteorológica de baixo custo em Escola Pública Estadual,Marcos Dionizio Moreira ,ICENE,Programa,Meio ambiente,01/04/2021,01/07/2022,23/02/2021,29/03/2021,SIGProj - Edital n.º 04/2021 - Fomento,PROEXT-UFTM,"R$ 2.146,04"
93/2021,"Ensino de português como língua não materna no Brasil: língua de acolhimento, inserção social e formação de professores",Juliana Bertucci Barbosa ,IELACHS,Projeto,Educação,01/04/2021,01/07/2022,23/02/2021,29/03/2021,SIGProj - Edital n.º 04/2021 - Fomento,PROEXT-UFTM,"R$ 2.400,00"
94/2021,Uso de redes sociais como ferramenta de educação em saude na primeira infância,Divanice Contim ,ICS,Projeto,Saúde,01/04/2021,01/07/2022,03/03/2021,29/03/2021,SIGProj - Edital n.º 04/2021 - Fomento,PROEXT-UFTM,"R$ 2.361,60"
95/2021,Divulgando a Química para jovens e adultos através das TDIC,Ingrid Nunes Derossi ,Campus Universitário de Iturama,Programa,Educação,01/04/2021,01/07/2022,06/03/2021,29/03/2021,SIGProj - Edital n.º 04/2021 - Fomento,PROEXT-UFTM,"R$ 2.400,00"
96/2021,Semana dos Dinossauros,Caroline Gomes de Almeida ,PROEXT,Projeto,Meio ambiente,01/04/2021,01/07/2022,06/03/2021,29/03/2021,SIGProj - Edital n.º 04/2021 - Fomento,PROEXT-UFTM,"R$ 2.400,00"
97/2021,Pequenos confeiteiros,Andreia Fernandes Malaquias ,PROEXT,Projeto,Direitos Humanos e Justiça,01/04/2021,01/07/2022,07/03/2021,29/03/2021,SIGProj - Edital n.º 04/2021 - Fomento,PROEXT-UFTM,"R$ 2.400,00"
98/2021,ESTUDO DA VIABILIZAÇÃO DE PRODUÇÃO DE MASCARAS CIRÚRGICAS EM LARGA ESCALA E DE FORMA MANUAL E BAIXO CUSTO,Márcio de Queiroz Murad ,CEFORES,Projeto,Tecnologia e Produção,01/04/2021,01/07/2022,23/02/2021,29/03/2021,SIGProj - Edital n.º 04/2021 - Fomento / Edital  nº  03/2021 - com bolsa,PROEXT-UFTM / CEFORES,"R$ 2.400,00 / R$ 3.600,00"
99/2021,Liga Acadêmica de Psicanálise,TALES VILELA SANTEIRO,IELACHS,Liga Acadêmica (Programa),Saúde,12/04/2021,12/04/2022,15/03/2021,30/03/2021,SIEX - Fluxo Contínuo,Não Tem Recurso Financeiro,----
100/2021,A AVENTURA DE CRESCER: Troca de conhecimentos para um crescimento saudável na primeira infância,Ana Palmira Soares dos Santos ,CEFORES,Projeto,Saúde,01/04/2021,01/01/2022,02/03/2021,31/03/2021,SIGProj - EDITAL PROEXT/CEFORES 02/2021 - com bolsa,CEFORES,"R$ 3.600,00"
101/2021,Orientação e Treinamento para o Uso de Máscaras Cirúrgicas de Baixo Custo Produzidas de Forma Manual,André Luis Beloni dos Santos ,CEFORES,Projeto,Saúde,01/04/2021,01/01/2022,19/02/2021,31/03/2021,SIGProj - EDITAL PROEXT/CEFORES 02/2021 - com bolsa,CEFORES,"R$ 3.600,00"
102/2021,Orientações e medidas de controle de qualidade na produção de máscaras em âmbito institucional,Guilherme Ferretto,CEFORES,Projeto,Tecnologia e Produção,01/04/2021,01/01/2022,20/02/2021,31/03/2021,SIGProj - EDITAL PROEXT/CEFORES 02/2021 - com bolsa,CEFORES,"R$ 3.600,00"
103/2021,Contato telefônico como estratégia de enfermagem para o acompanhamento de mulheres no período puerperal,Karla Fabiana Nunes da Silva,CEFORES,Projeto,Educação,01/04/2021,01/01/2022,02/03/2021,31/03/2021,SIGProj - EDITAL PROEXT/CEFORES 02/2021 - com bolsa,CEFORES,"R$ 3.600,00"
104/2021,ESTUDO DA VIABILIZAÇÃO EXECUÇÃO DE TESTES DE EFICIÊNCIA EM MASCARAS CIRÚRGICAS COM BASE NA NORMA ABNT 13698/2011,Márcio de Queiroz Murad ,CEFORES,Projeto,Tecnologia e Produção,01/04/2021,01/01/2022,22/02/2021,31/03/2021,SIGProj - EDITAL PROEXT/CEFORES 02/2021 - com bolsa,CEFORES,"R$ 3.600,00"
105/2021,Família Fisio UFTM - Ano I,CRISTIANE VITALIANO GRAMINHA,ICS,Projeto,Saúde,06/04/2021,17/12/2021,05/03/2021,05/04/2021,SIEX - Fluxo Contínuo,Não Tem Recurso Financeiro,----
106/2021,Liga Acadêmica de Terapias Integrativas,EDUARDO ELIAS VIEIRA DE CARVALHO,ICS,Liga Acadêmica (Programa),Saúde,26/04/2021,31/12/2021,26/03/2021,05/04/2021,SIEX - Fluxo Contínuo,Não Tem Recurso Financeiro,----
107/2021,Dedinho de Prosa - Edição 2021,MARCOS VINICIUS DA SILVA,ICBN,Projeto,Saúde,05/04/2021,31/08/2021,08/03/2021,05/04/2021,SIEX - Fluxo Contínuo,Não Tem Recurso Financeiro,----
108/2021,Apoio Pedagógico aos alunos do Programa de Auxílios Financeiros – PAF da UFTM,TENISZIARA DE MOURA FERREIRA,PROACE,Evento,Educação,29/04/2021,24/05/2021,05/04/2021,07/04/2021,SIEX - Fluxo Contínuo,Não Tem Recurso Financeiro,----
109/2021,XI Simpósio e XII Curso Introdutório à Liga de Cirurgia Plástica e Dermatologia da UFTM,MANOEL PEREIRA DA SILVA NETO,ICS,Evento,Saúde,28/04/2021,28/04/2021,03/04/2021,08/04/2021,SIEX - Fluxo Contínuo,Não Tem Recurso Financeiro,----
110/2021,ALMANAQUE DA CIÊNCIA,Andreia Fernandes Malaquias,Proext,Projeto,Cultura,01/04/2021,01/04/2023,17/02/2021,09/04/2021,SIEX - Fluxo Contínuo,Não Tem Recurso Financeiro,----
111/2021, IV Simpósio e Curso Introdutório à Liga Acadêmica de Cirurgia Geral (LAC UFTM),LUIS GUSTAVO FAGUNDES NUNES,ICS,Evento,Saúde,12/04/2021,12/04/2021,25/03/2021,09/04/2021,SIEX - Fluxo Contínuo,Não Tem Recurso Financeiro,----
112/2021,XVIII Simpósio de Urgências e Emergências Traumáticas,EDUARDO CREMA,ICS,Evento,Saúde,06/05/2021,06/05/2021,05/04/2021,12/04/2021,SIEX - Fluxo Contínuo,Não Tem Recurso Financeiro,----
113/2021,I Simpósio Introdutório à LACEC,FERNANDA MACHADO FONSECA,ICS,Evento,Saúde,15/04/2021,15/04/2021,01/04/2021,12/04/2021,SIEX - Fluxo Contínuo,Não Tem Recurso Financeiro,----
114/2021,Programa Multimidiático,Ana Paula Bossler da Costa,ICENE,Programa,Cultura,01/04/2021,01/04/2026,11/02/2021,12/04/2021,SIEX - Fluxo Contínuo,PROEXT - UFTM (2 Bolsas de Extensão - 09 meses/2021 - PS DDCULT nº 06/2021) / (02 bolsas de Extensão - 09 meses/2022 - Ed. PROEXT 13/2021),"R$ 7.200,00 / R$ 7.200,00"
115/2021,Liga Acadêmica de Cirurgia Geral da UFTM (LAC UFTM),LUIS GUSTAVO FAGUNDES NUNES,ICS,Liga Acadêmica (Programa),Saúde,23/04/2021,23/04/2022,26/03/2021,12/04/2021,SIEX - Fluxo Contínuo,Não Tem Recurso Financeiro,----
116/2021,Exposições científicas: o Museu dos Dinossauros,THIAGO DA SILVA MARINHO,ICENE,Programa,Meio Ambiente,15/03/2021,15/03/2022,08/04/2021,12/04/2021,SIEX - Fluxo Contínuo,PROEXT - UFTM (2 Bolsas de Extensão - 09 meses/2021 - PS DDCULT nº 06/2021) - (02 Bolsas de Extensão - 09 meses/2022 - Edital 13/2021),"R$ 7.200,00 / R$ 7.200,00"
117/2021,I Simpósio da Liga Acadêmica de Estética Avançada,MARCIA ANTONIAZI MICHELIN,ICBN,Evento,Saúde,28/04/2021,29/04/2021,09/04/2021,14/04/2021,SIEX - Fluxo Contínuo,Não Tem Recurso Financeiro,----
118/2021,Dia Nacional da Matemática na UFTM,RAFAEL RODRIGO OTTOBONI,ICENE,Evento,Educação,06/05/2021,06/05/2021,09/04/2021,14/04/2021,SIEX - Fluxo Contínuo,Não Tem Recurso Financeiro,----
119/2021,ENEM te conto,CARLO JOSE FREIRE DE OLIVEIRA,PROPPG,Evento,Educação,29/04/2021,30/04/2021,11/04/2021,14/04/2021,SIEX - Fluxo Contínuo,Não Tem Recurso Financeiro,----
120/2021,ResIdoso – Redes Sociais como Educação Interdisciplinar na Promoção de Saúde do Idoso,SURAYA GOMES NOVAIS SHIMANO,ICS,Projeto,Saúde,01/05/2021,28/02/2022,01/04/2021,14/04/2021,SIEX - Fluxo Contínuo,Não Tem Recurso Financeiro,----
121/2021,Geopark Uberaba: educação patrimonial,JOSENILSON BERNARDO DA SILVA,IELACHS,Programa,Cultura,22/03/2021,15/03/2023,08/04/2021,14/04/2021,SIEX - Fluxo Contínuo,PROEXT - UFTM (2 Bolsas de Extensão - 09 meses/2021 - PS DDCULT nº 06/2021) / (2 Bolsas de Extensão - 09 meses/2022 - Edital nº 13/2021),"R$ 7.200,00 / R$ 7.200,00"
122/2021,Minicurso: Telessaúde e Educação para a comunidade,JULIANA MARTINS PINTO,ICS,Evento,Saúde,29/04/2021,29/04/2021,06/04/2021,14/04/2021,SIEX - Fluxo Contínuo,Não Tem Recurso Financeiro,----
123/2021,Liga Acadêmica de Anestesiologia,LUCIANO ALVES MATIAS DA SILVEIRA,ICS,Liga Acadêmica (Programa),Saúde,22/04/2021,31/12/2021,24/03/2021,15/04/2021,SIEX - Fluxo Contínuo,Não Tem Recurso Financeiro,----
124/2021,Revista: Diário das Engenharias,PRISCILA PEREIRA SILVA,ICTE,Projeto,Tecnologia e Produção,10/05/2021,10/05/2023,09/04/2021,15/04/2021,SIEX - Fluxo Contínuo,Não Tem Recurso Financeiro,----
125/2021,X Simpósio e Curso Introdutório da Liga Acadêmica de Diabetes Mellitus,MARIA DE FATIMA BORGES,ICS,Evento,Saúde,22/04/2021,22/04/2021,05/04/2021,15/04/2021,SIEX - Fluxo Contínuo,Não Tem Recurso Financeiro,----
126/2021,I Simpósio e Curso Introdutório da Liga Acadêmica de Transplantes de Órgãos e Tecidos ,VILMAR DE PAIVA MARQUES,ICS,Evento,Saúde,05/05/2021,05/05/2021,30/03/2021,16/04/2021,SIEX - Fluxo Contínuo,Não Tem Recurso Financeiro,----
127/2021,1º Simpósio Introdutório de Medicina Integrada ao Exercício,MURILO ANTONIO ROCHA,ICS,Evento,Saúde,22/04/2021,23/04/2021,08/04/2021,19/04/2021,SIEX - Fluxo Contínuo,Não Tem Recurso Financeiro,----
128/2021,Nossa Jornada,MARCOS VINÍCIUS DA SILVA,ICBN,Programa,Educação,15/05/2021,31/08/2023,15/04/2021,19/04/2021,SIEX - Fluxo Contínuo,Não Tem Recurso Financeiro,----
129/2021,"Formação Docente em Interseccionalidade de Raça, Gênero, Sexualidade e Classe",LEANDRA DOMINGUES SILVERIO,IELACHS,Curso,Educação,17/05/2021,31/07/2021,16/04/2021,19/04/2021,SIEX - Fluxo Contínuo,Não Tem Recurso Financeiro,----
130/2021,Psicologia e Relações Étnico Raciais,AILTON DE SOUZA ARAGAO,ICS,Curso,Saúde,01/06/2021,30/06/2021,19/04/2021,22/04/2021,SIEX - Fluxo Contínuo,Não Tem Recurso Financeiro,----
131/2021,Liga Acadêmica de Transplante de Órgãos e Tecidos - LATOT,VILMAR DE PAIVA MARQUES,ICS,Liga Acadêmica (Programa),Saúde,27/04/2021,01/04/2022,30/03/2021,22/04/2021,SIEX - Fluxo Contínuo,Não Tem Recurso Financeiro,----
132/2021,Liga Acadêmica de Psicologia Jurídica e Serviço Social,HELGA YURI SILVA OKANO ANDRADE,IELACHS,Liga Acadêmica (Programa),Direitos Humanos e Justiça,06/05/2021,06/05/2022,08/04/2021,23/04/2021,SIEX - Fluxo Contínuo,Não Tem Recurso Financeiro,----
133/2021,"2º Ciclo de Estudos do NEduC - Núcleo de Educação em Ciências, Diversidade e Práticas Ambientais - ""Estratégias e Práticas Pedagógicas de Ensino e Aprendizagem""",JAMES ROGADO,CAMPUS UNIVERSITÁRIO DE ITURAMA,Evento,EDUCAÇÃO,26/04/2021,30/11/2021,12/04/2021,23/04/2021,SIEX - Fluxo Contínuo,Não Tem Recurso Financeiro,----
134/2021,Teleatendimeto/Telesaúde de Pilates na deficiência visual,NUNO MIGUEL LOPES DE OLIVEIRA,ICS,Projeto,Saúde,17/05/2021,16/12/2021,20/04/2021,26/04/2021,SIEX - Fluxo Contínuo,Não Tem Recurso Financeiro,----
135/2021,Massagem Shantala na UFTM e redes sociais,NUNO MIGUEL LOPES DE OLIVEIRA,ICS,Projeto,Saúde,27/05/2021,16/12/2021,20/04/2021,26/04/2021,SIEX - Fluxo Contínuo,Não Tem Recurso Financeiro,----
136/2021,Boas-Vindas aos Discentes Bolsistas Extensionistas - 2ª Edição/2021,KAREN RIBEIRO INACIO DE OLIVEIRA,Proext,Evento,Educação,30/04/2021,30/04/2021,23/04/2021,26/04/2021,SIEX - Fluxo Contínuo,Não Tem Recurso Financeiro,----
137/2021,VI Simpósio Mineiro de Educação Química,LUCIANA CAIXETA BARBOZA,ICENE,Evento,Educação,14/06/2021,18/06/2021,19/04/2021,28/04/2021,SIEX - Fluxo Contínuo,Não Tem Recurso Financeiro,----
138/2021,Dia do Físico e da Física - Milton Taidi Sonoda,NATALIA BUENO LEITE SLADE,ICENE,Evento,Trabalho,19/05/2021,19/05/2021,26/04/2021,29/04/2021,SIEX - Fluxo Contínuo,Não Tem Recurso Financeiro,----
139/2021,"1ª Semana de Inovação, Tecnologia e Empreendedorismo",CAMILA NAVES ARANTES,AGÊNCIA UFTM DE INOVAÇÃO,Evento,Tecnologia e Produção,24/05/2021,27/05/2021,29/04/2021,29/04/2021,SIEX - Fluxo Contínuo,Não Tem Recurso Financeiro,----
140/2021, 12º Encontro Comemorativo ao Dia Nacional da Adoção,CLAUDIA HELENA JULIAO,IELACHS,Evento,Direitos Humanos e Justiça,25/05/2021,25/05/2021,28/04/2021,30/04/2021,SIEX - Fluxo Contínuo,Não Tem Recurso Financeiro,----
141/2021,Liga Acadêmica de Bioinformática e Biologia Molecular,ANDRE LUIZ PEDROSA,ICBN,Liga Acadêmica (Programa),Saúde,02/06/2021,15/12/2021,22/04/2021,03/05/2021,SIEX - Fluxo Contínuo,Não Tem Recurso Financeiro,----
142/2021,Liga Acadêmica de Cuidados Paliativos em Pediatria,JUSSARA SILVA LIMA,ICS,Liga Acadêmica (Programa),Saúde,03/05/2021,03/04/2026,05/04/2021,03/05/2021,SIEX - Fluxo Contínuo,Não Tem Recurso Financeiro,----
143/2021,"4ª ESCOLA DE INVERNO EM QUÍMICA DO PONTAL DO TRIÂNGULO MINEIRO - ""Laboratórios Virtuais para o Ensino de Ciências""",JAMES ROGADO,CAMPUS UNIVERSITÁRIO DE ITURAMA,Curso,Educação,26/07/2021,30/07/2021,03/05/2021,04/05/2021,SIEX - Fluxo Contínuo,Não Tem Recurso Financeiro,----
144/2021,Vacinas e fake news: uma abordagem para educação básica,CATARINA TEIXEIRA,ICENE,Projeto,Educação,10/05/2021,01/10/2021,12/04/2021,04/05/2021,SIEX - Fluxo Contínuo,Não Tem Recurso Financeiro,----
145/2021,JORNADAS DE DISCUSSÃO DO GEPPEC/LAFICS - 3a. Edição: A CORROSÃO DA DEMOCRACIA E AS NOVAS FORMAS DE AUTORITARISMO,IDALICE RIBEIRO SILVA LIMA,IELACHS,Projeto,Educação,01/06/2021,27/12/2021,03/05/2021,04/05/2021,SIEX - Fluxo Contínuo,Não Tem Recurso Financeiro,----
146/2021,Vida Ativa,CAMILA BOSQUIERO PAPINI,ICS,Projeto,Saúde,01/06/2021,28/02/2022,19/04/2021,05/05/2021,SIEX - Fluxo Contínuo,Não Tem Recurso Financeiro,----
147/2021,Liga Acadêmica Interdisciplinar de Terapia Intensiva,HUDSON HENRIQUE GOMES PIRES,ICS,Liga Acadêmica (Programa),Saúde,24/05/2021,05/04/2022,24/03/2021,05/05/2021,SIEX - Fluxo Contínuo,Não Tem Recurso Financeiro,----
148/2021,Observação atenta da Natureza: o olhar do cientista e do poeta,JONAS BACH JUNIOR,IELACHS,Curso,Educação,17/05/2021,17/08/2021 Término antecipado conforme relatório final,16/04/2021,06/05/2021,SIEX - Fluxo Contínuo,Não Tem Recurso Financeiro,----
149/2021,OFICINAS VIRTUAIS CHAGASLEISH 2021 - REUNIÃO ANUAL DE PESQUISA APLICADA EM DOENÇA DE CHAGAS E LEISHMANIOSES,LUCIANA DE ALMEIDA SILVA TEIXEIRA        ,ICS,Evento,Saúde,14/05/2021,14/08/2021,16/04/2021,06/05/2021,SIEX - Fluxo Contínuo,Não Tem Recurso Financeiro,----
150/2021,Pet Serviço Social em CENAS: Desigualdade Social em Cena sob o Olhar de Carolina Maria de Jesus ,REGINA MAURA REZENDE,IELACHS,Projeto,Direitos Humanos e Justiça,31/05/2021,10/12/2021,28/04/2021,06/05/2021,SIEX - Fluxo Contínuo,Não Tem Recurso Financeiro,----
151/2021,Aula Aberta 1 -  Alienação Parental: Aspectos Jurídicos e Psíquicos,LUCIANA MARIA DA SILVA,ICS,Evento,Direitos Humanos e justiça,20/05/2021,20/05/2021,05/05/2021,07/05/2021,SIEX - Fluxo Contínuo,Não Tem Recurso Financeiro,----
152/2021,Meu Futuro - Edição 01,MARCOS VINICIUS DA SILVA,ICBN,Projeto,Educação,30/05/2021,30/09/2021,29/04/2021,07/05/2021,SIEX - Fluxo Contínuo,Não Tem Recurso Financeiro,----
153/2021,"“Temas em Adolescer: problematizar saberes, ampliar fazeres”",AILTON DE SOUZA ARAGAO,ICS,Curso,Saúde,07/06/2021,31/08/2021,05/05/2021,07/05/2021,SIEX - Fluxo Contínuo,Não Tem Recurso Financeiro,----
154/2021,II RODA DE CONVERSA SOBRE COOPERAÇÃO ACADÊMICA BRASIL-ÁFRICA,DANILO SEITHI KATO,ICENE,Evento,Educação,31/05/2021,31/05/2021,03/05/2021,10/05/2021,SIEX - Fluxo Contínuo,Não Tem Recurso Financeiro,----
155/2021,"Programa Interfaces entre Artes, Ciências & Matemática",ALBERTO LUIZ PEREIRA DA COSTA,ICENE,Programa,Cultura,21/03/2021,31/03/2025,09/04/2021,10/05/2021,SIEX - Fluxo Contínuo,PROEXT - UFTM (2 Bolsas de Extensão - 09 meses/2021 - PS DDCULT nº 06/2021) - (01 Bolsa de Extensão - 09 meses/2022 - Edital 13/2021),"R$ 7.200,00 / R$ 3.600,00"
156/2021,Atividades Lúdicas no Museu dos Dinossauros,THIAGO HENRIQUE BARNABE CORREA,ICENE,Programa,Cultura,15/03/2021,15/03/2023,08/04/2021,10/05/2021,SIEX - Fluxo Contínuo,PROEXT - UFTM (1 Bolsa de Extensão - 09 meses/2021 - PS DDCULT nº 06/2021) / (02 bolsas de Extensão - 09 meses/2022 - Ed. PROEXT 13/2021),"R$ 3.600,00 / R$ 7.200,00"
157/2021,IX SeAli: Semana Acadêmica da Engenharia de Alimentos da UFTM,EVANDRO ROBERTO ALVES,ICTE,Evento,Tecnologia e Produção,31/07/2021,25/08/2021,05/05/2021,10/05/2021,SIEX - Fluxo Contínuo,Não Tem Recurso Financeiro,----
158/2021,Meu veterano - Edição 01,MARCOS VINICIUS DA SILVA,ICBN,Projeto,Educação,30/05/2021,30/09/2021,29/04/2021,11/05/2021,SIEX - Fluxo Contínuo,Não Tem Recurso Financeiro,----
159/2021,Liga Universitária da Amamentação,LUCIANO BORGES SANTIAGO,ICS,Liga Acadêmica (Programa),Saúde,28/04/2021,28/03/2026,31/03/2021,11/05/2021,SIEX - Fluxo Contínuo,Não Tem Recurso Financeiro,----
160/2021,VIII Fórum de Estágio em Serviço Social da UFTM: “ O estágio e supervisão em Serviço Social na pandemia: desafios e estratégias”,REGINA MAURA REZENDE,IELACHS,Evento,Educação,26/05/2021,26/05/2021,07/05/2021,11/05/2021,SIEX - Fluxo Contínuo,Não Tem Recurso Financeiro,----
161/2021,"37ª Semana de Enfermagem da UFTM: ""Enfermagem na ""linha de frente"" em contextos de crise""",FLAVIA APARECIDA DIAS MARMO,ICS,Evento,Saúde,12/05/2021,13/05/2021,29/04/2021,11/05/2021,SIEX - Fluxo Contínuo,Não Tem Recurso Financeiro,----
162/2021,LIGA ACADÊMICA DE EMBRIOLOGIA E REPRODUÇÃO_FERTILIGA,ROSEANE LOPES DA SILVA GRECCO,ICBN,Liga Acadêmica (Programa),Saúde,02/06/2021,02/06/2022,05/05/2021,11/05/2021,SIEX - Fluxo Contínuo,Não Tem Recurso Financeiro,----
163/2021,VIII Mostra de Projetos dos Trabalhos de Conclusão de Curso da Licenciatura em Matemática 2020-2 ,MARCELA LUCIANO VILELA DE SOUZA,ICENE,Evento,Educação,03/05/2021,03/07/2021,17/04/2021,12/05/2021,SIEX - Fluxo Contínuo,Não Tem Recurso Financeiro,----
164/2021,"2º Seminário ""Patrimônio Cultural e Ensino de História""",ILANA PELICIARI ROCHA,IELACHS,Evento,Educação,19/05/2021,21/05/2021,03/05/2021,12/05/2021,SIEX - Fluxo Contínuo,Não Tem Recurso Financeiro,----
165/2021,3° Simpósio e Curso Introdutório à Liga Acadêmica de Cardiologia da UFTM (LaCardio-UFTM),FERNANDO DE MARTINO,ICS,Evento,Saúde,25/05/2021,26/05/2021,04/05/2021,13/05/2021,SIEX - Fluxo Contínuo,Não Tem Recurso Financeiro,----
166/2021,MAFA (Mãos e Almas Fazendo Arte),SURAYA GOMES NOVAIS SHIMANO,ICS,Projeto,Educação,01/06/2021,20/12/2021,30/04/2021,13/05/2021,SIEX - Fluxo Contínuo,Não Tem Recurso Financeiro,----
167/2021,Laboratório de História Pública UFTM,MARCELO DE SOUZA SILVA,IELACHS,Projeto,Comunicação,02/06/2021,02/06/2022,05/05/2021 (23:41),13/05/2021,SIEX - Fluxo Contínuo,Não Tem Recurso Financeiro,----
168/2021,Comunidades Escolares Aprendentes (CEAs): uma proposta de formação compartilhada entre Universidade e Instituições Estaduais de Ensino,JAMES ROGADO,CIT,Programa,Educação,07/06/2021,30/04/2026,07/05/2021    (21:17),13/05/2021,SIEX - Fluxo Contínuo,Não Tem Recurso Financeiro,----
169/2021,I Simpósio Introdutório à Liga Acadêmica de Bioinformática e Biologia Molecular,ANDRE LUIZ PEDROSA,ICBN,Curso,Saúde,25/05/2021,26/05/2021,22/04/2021,14/05/2021,SIEX - Fluxo Contínuo,Não Tem Recurso Financeiro,----
170/2021,III Simpósio Introdutório à FERTILIGA,ROSEANE LOPES DA SILVA GRECCO,ICBN,Evento,Saúde,27/05/2021,27/05/2021,04/05/2021,14/05/2021,SIEX - Fluxo Contínuo,Não Tem Recurso Financeiro,----
171/2021,"Rodas de Conversa: Controle sobre os corpos, machismo e patriarcado e suas repercussões para a saúde feminina",CLAUDIA DE AZEVEDO AGUIAR,ICS,Projeto,Saúde,07/06/2021,04/12/2021,10/05/2021,14/05/2021,SIEX - Fluxo Contínuo,Não Tem Recurso Financeiro,----
172/2021,A UFTM – Iturama em diálogo com a sociedade ituramense: qualidade de vida em foco ,ELISANGELA RODRIGUES CARRIJO,Assessoria em Assuntos Comunitários e Estudantis - Campus Universitário de Iturama,Projeto,Saúde,10/06/2021,10/06/2022,13/05/2021,18/05/2021,SIEX - Fluxo Contínuo,Não Tem Recurso Financeiro,----
173/2021,BioMatch - Mentoria Profissional: conectando a graduação com o mercado de trabalho,MARCOS VINICIUS DA SILVA,ICBN,Projeto,Educação,30/05/2021,30/09/2021,29/04/2021,19/05/2021,SIEX - Fluxo Contínuo,Não Tem Recurso Financeiro,----
174/2021,Baja UFTM,MARCOS MASSAO SHIMANO,ICTE,Projeto,Tecnologia e Produção,07/06/2021,31/12/2021,10/05/2021,19/05/2021,SIEX - Fluxo Contínuo,Não Tem Recurso Financeiro,----
175/2021,Cuidado em Liberdade: memórias da Luta Antimanicomial e experiências nos serviços da Rede de Atenção Psicossocial,ROSIMAR ALVES QUERINO,ICS,Projeto,Saúde,08/06/2021,30/11/2021,07/05/2021,20/05/2021,SIEX - Fluxo Contínuo,Não Tem Recurso Financeiro,----
176/2021,Posts informativos em Nutrição e Atividade Física,MARA CLEIA TREVISAN,ICS,Projeto,Saúde,02/06/2021,23/12/2021,05/05/2021,21/05/2021,SIEX - Fluxo Contínuo,Não Tem Recurso Financeiro,----
177/2021,Liga de Obstetrícia (LIO),CLAUDIA DE AZEVEDO AGUIAR,ICS,Liga Acadêmica (Programa),Saúde,08/06/2021,14/12/2021,11/05/2021,21/05/2021,SIEX - Fluxo Contínuo,Não Tem Recurso Financeiro,----
178/2021,Liga Acadêmica de Cardiologia da UFTM (LaCardio-UFTM),FERNANDO DE MARTINO,ICS,Liga Acadêmica (Programa),Saúde,08/06/2021,30/04/2022,07/05/2021,21/05/2021,SIEX - Fluxo Contínuo,Não Tem Recurso Financeiro,----
179/2021,Liga do Trauma,EDUARDO CREMA   alterado para ROBERTO DA MATA LENZA em 25/02/2022,ICS,Liga Acadêmica (Programa),Saúde,01/06/2021,01/06/2022,05/05/2021,21/05/2021,SIEX - Fluxo Contínuo,Não Tem Recurso Financeiro,----
180/2021,III Simpósio e Curso Introdutório à liga Acadêmica de Neonatologia,VALERIA CARDOSO ALVES CUNALI,ICS,Evento,Saúde,23/06/2021,23/06/2021,17/05/2021,24/05/2021,SIEX - Fluxo Contínuo,Não Tem Recurso Financeiro,----
181/2021,Programa PROMOVER: atenção integral à pessoa com deficiência,SURAYA GOMES NOVAIS SHIMANO,ICS,Programa,Saúde,06/06/2021,10/06/2022,05/05/2021,24/05/2021,SIEX - Fluxo Contínuo,Não Tem Recurso Financeiro,----
182/2021,Roda de conversa: a relação entre maternidade e o meio acadêmico,CONCEICAO APARECIDA SERRALHA,IELACHS,Evento,Saúde,26/05/2021,26/05/2021,12/05/2021,24/05/2021,SIEX - Fluxo Contínuo,Não Tem Recurso Financeiro,----
183/2021,Liga Acadêmica de Diabetes Mellitus 2021,MARIA DE FATIMA BORGES,ICS,Liga Acadêmica (Programa),Saúde,31/05/2021,06/12/2021,17/04/2021,24/05/2021,SIEX - Fluxo Contínuo,Não Tem Recurso Financeiro,----
184/2021,Colírio Blues,OZIRIS BORGES FILHO,IELACHS,Projeto,Comunicação,19/06/2021,31/12/2021,20/05/2021,26/05/2021,SIEX - Fluxo Contínuo,Não Tem Recurso Financeiro,----
185/2021,Seminários do Grupo Topus,OZIRIS BORGES FILHO,IELACHS,Evento,Educação,16/06/2021,31/08/2021,24/05/2021,26/05/2021,SIEX - Fluxo Contínuo,Não Tem Recurso Financeiro,----
186/2021,Liga Acadêmica de Humanização Sarakura 2021,ANA LUCIA DE ASSIS SIMOES,ICS,Liga Acadêmica (Programa),Saúde,21/06/2021,21/06/2022,17/05/2021,27/05/2021,SIEX - Fluxo Contínuo,Não Tem Recurso Financeiro,----
187/2021,Prosa científica. Encontro com o NEPSMAD.,ANDREA RUZZI PEREIRA,ICS,Evento,Saúde,10/06/2021,09/12/2021,12/05/2021,31/05/2021,SIEX - Fluxo Contínuo,Não Tem Recurso Financeiro,----
188/2021,(+)Nutrição & Saúde,RENATA DAMIAO,ICS,Projeto,Saúde,21/06/2021,02/06/2022,24/05/2021,01/06/2021,SIEX - Fluxo Contínuo,Não Tem Recurso Financeiro,----
189/2021,Telemonitoramento do desenvolvimento motor do lactente de risco,ELAINE LEONEZI GUIMARAES,ICS,Projeto,Saúde,22/06/2021,22/12/2021,25/05/2021,02/06/2021,SIEX - Fluxo Contínuo,Não Tem Recurso Financeiro,----
190/2021,Corporeidade e Saúde: Questões contemporâneas,VITOR HUGO DE OLIVEIRA,ICS,Curso,Saúde,05/08/2021,02/09/2021,13/05/2021,07/06/2021,SIEX - Fluxo Contínuo,Não Tem Recurso Financeiro,----
191/2021,CAFITUR - Apoiando o comercio da agricultura familiar e desenvolvimento local em Iturama e região,ARIANE FERNANDES DA CONCEICAO,CAMPUS UNIVERSITÁRIO DE ITURAMA,Projeto,Comunicação,29/06/2021,01/07/2023,01/06/2021,08/06/2021,SIEX - Fluxo Contínuo,Não Tem Recurso Financeiro,----
192/2021,IX Simpósio e XIV Curso Introdutório à Liga Acadêmica de Humanização Sarakura: 'Todo mundo pode ser palhaço?',ANA LÚCIA DE ASSIS SIMÕES,ICS,Evento,Saúde,19/06/2021,07/07/2021,17/05/2021,10/06/2021,SIEX - Fluxo Contínuo,Não Tem Recurso Financeiro,----
193/2021,XX Simpósio e Curso Introdutório da Liga de Hipertensão Arterial da UFTM,LUIZ ANTONIO PERTILI RODRIGUES DE RESENDE,HC,Evento,Saúde,15/06/2021,16/06/2021,31/05/2021,14/06/2021,SIEX - Fluxo Contínuo,Não Tem Recurso Financeiro,----
194/2021,Aula Aberta 2 – Guarda compartilhada: uma visão psicojurídica,LUCIANA MARIA DA SILVA,ICS,Evento,Direitos Humanos e Justiça,21/06/2021,02/07/2021,07/06/2021,15/06/2021,SIEX - Fluxo Contínuo,Não Tem Recurso Financeiro,----
195/2021,Atenção em Saúde Bucal,VIRGINIA OLIVEIRA CREMA,ICBN,Projeto,Saúde,30/06/2021,30/06/2022,02/06/2021,16/06/2021,SIEX - Fluxo Contínuo,Não Tem Recurso Financeiro,----
196/2021,"IX INTERPET - PET que ""bixo"" é esse?",CLAUDIA REGINA BOVO,IELACHS,Evento ,Educação,03/07/2021,03/07/2021,06/06/2021,16/06/2021,SIEX - Fluxo Contínuo,Não Tem Recurso Financeiro,----
197/2021,LIGA ACADÊMICA MULTIPROFISSIONAL DE ATENÇÃO HOSPITALAR-LAMAH,GILBERTO DE ARAUJO PEREIRA,ICS,Liga Acadêmica (Programa),Saúde,09/07/2021,31/12/2022,11/06/2021,17/06/2021,SIEX - Fluxo Contínuo,Não Tem Recurso Financeiro,----
198/2021,AMBULATÓRIO DE SÍNDROME PÓS-COVID,GUSTAVO JOSE LUVIZUTTO,ICS,Prestação de Serviços,Saúde,20/07/2021,20/06/2022,16/06/2021,21/06/2021,SIEX - Fluxo Contínuo,Não Tem Recurso Financeiro,----
199/2021,Liga Acadêmica de Reabilitação Cardiovascular,LUCIANA DUARTE NOVAIS SILVA,ICS,Liga Acadêmica (Programa),Saúde,05/07/2021,22/12/2021,01/06/2021,22/06/2021,SIEX - Fluxo Contínuo,Não Tem Recurso Financeiro,----
200/2021,Projeto Desmistificando a Vacina,LUCIANO ALVES MATIAS DA SILVEIRA,ICS,Projeto,Saúde,30/06/2021,17/12/2021,02/06/2021,22/06/2021,SIEX - Fluxo Contínuo,Não Tem Recurso Financeiro,----
201/2021,Orientações pré-anestésicas por meio de mídia direcionado a pacientes em contexto pré-operatório,LUCIANO ALVES MATIAS DA SILVEIRA,ICS,Projeto,Saúde,16/07/2021,17/01/2022,14/06/2021,23/06/2021,SIEX - Fluxo Contínuo,Não Tem Recurso Financeiro,----
202/2021,MESA REDONDA “BNCC e suas Implicações à Formação de Professores: da formulação às críticas e inquietudes” ,JAMES ROGADO,CAMPUS UNIVERSITÁRIO DE ITURAMA,Evento,EDUCAÇÃO,30/06/2021,14/07/2021,08/06/2021,24/06/2021,SIEX - Fluxo Contínuo,Não Tem Recurso Financeiro,----
203/2021,Cine Pet,OZIRIS BORGES FILHO,IELACHS,Projeto,Cultura,22/07/2021,09/12/2021,22/06/2021,24/06/2021,SIEX - Fluxo Contínuo,Não Tem Recurso Financeiro,----
204/2021,LIGA ACADÊMICA DE CLÍNICA MÉDICA,RODRIGO JULIANO MOLINA,ICS,Liga Acadêmica (Programa),Saúde,12/07/2021,12/07/2022,24/05/2021,24/06/2021,SIEX - Fluxo Contínuo,Não Tem Recurso Financeiro,----
205/2021,Ciclo de debates em Saúde Coletiva,ROSANE APARECIDA DE SOUSA MARTINS,IELACHS,Curso,Saúde,07/07/2021,22/12/2021,07/06/2021,25/06/2021,SIEX - Fluxo Contínuo,Não Tem Recurso Financeiro,----
206/2021,Clube do Conto ,OZIRIS BORGES FILHO,IELACHS,Projeto,Educação,20/07/2021,02/12/2021,22/06/2021,25/06/2021,SIEX - Fluxo Contínuo,Não Tem Recurso Financeiro,----
207/2021,"Distribuição espacial dos casos, óbitos e vacinação contra a COVID-19 na Macrorregião de Saúde do Triângulo do Sul, MG",RICARDO VICENTE FERREIRA,IELACHS,Projeto,Saúde,07/06/2021,06/06/2022,10/05/2021,28/06/2021,SIEX - Fluxo Contínuo,Não Tem Recurso Financeiro,----
208/2021,"SemPReBio - Seminários, Palestras e Relatos Biológicos",LUCIANA SEGURA DE ANDRADE,CAMPUS UNIVERSITÁRIO DE ITURAMA,Projeto,Educação,19/07/2021,24/12/2021,19/06/2021,30/06/2021,SIEX - Fluxo Contínuo,Não Tem Recurso Financeiro,----
209/2021,Site: Terapia Intensiva a um Clique ,HUDSON HENRIQUE GOMES PIRES,ICS,Projeto,Saúde,08/07/2021,08/07/2022,08/06/2021,02/07/2021,SIEX - Fluxo Contínuo,Não Tem Recurso Financeiro,----
210/2021,II Encontro de Botânica de Uberaba,POLYANA NORONHA SOARES,ICENE,Evento,Educação,15/07/2021,07/10/2021,30/06/2021,05/07/2021,SIEX - Fluxo Contínuo,Não Tem Recurso Financeiro,----
211/2021,Cidades e Comunidades Sustentáveis,VIVIANI ANTUNES GOMES RODRIGUES,ICTE,Projeto,Meio ambiente,29/07/2021,02/07/2022,01/07/2021,05/07/2021,SIEX - Fluxo Contínuo,Não Tem Recurso Financeiro,----
212/2021,Curso de capacitação em doença de Alzheimer,MARKUS VINICIUS CAMPOS SOUZA,ICS,Curso,Saúde,25/07/2021,18/12/2021,24/06/2021,05/07/2021,SIEX - Fluxo Contínuo,Não Tem Recurso Financeiro,----
213/2021,II Congresso Brasileiro de Educação Integral – IV Seminário Mineiro de Educação Integral,573,ICS,Evento,Educação,03/05/2021,27/08/2021,28/06/2021,06/07/2021,SIEX - Fluxo Contínuo,Não Tem Recurso Financeiro,----
214/2021,VIII Simpósio da Liga Acadêmica de Pediatria,VALERIA CARDOSO ALVES CUNALI,ICS,Evento,Saúde,02/08/2021,02/08/2021,30/06/2021,07/07/2021,SIEX - Fluxo Contínuo,Não Tem Recurso Financeiro,----
215/2021,Impactos da espiritualidade na qualidade de vida em egressas do sistema prisional de Uberaba,ADRIANA CLEMENTE MENDONCA,ICS,Projeto,Saúde,21/07/2021,23/12/2021,22/06/2021,08/07/2021,SIEX - Fluxo Contínuo,Não Tem Recurso Financeiro,----
216/2021,IX SEAMB - Semana Acadêmica da Engenharia Ambiental - 2ª Edição Online,DIEGO ANDRADE LEMOS,ICTE,Evento,Meio ambiente,14/07/2021,15/10/2021,30/06/2021,08/07/2021,SIEX - Fluxo Contínuo,Não Tem Recurso Financeiro,----
217/2021,Curso de Inverno: Velhice não é doença ,SURAYA GOMES NOVAIS SHIMANO,ICS,Curso,Saúde,04/08/2021,06/08/2021,03/07/2021,09/07/2021,SIEX - Fluxo Contínuo,Não Tem Recurso Financeiro,----
218/2021,Programa FloRir: Vivências em mindful eating para estudantes universitários,FERNANDA RODRIGUES DE OLIVEIRA PENAFORTE,ICS,Programa,Saúde,02/08/2021,01/08/2022,28/06/2021,09/07/2021,SIEX - Fluxo Contínuo,Não Tem Recurso Financeiro,----
219/2021,Semana da Biologia- IV SEMBIO,RADAI CLERIA FELIPE GONCALVES,CAMPUS UNIVERSITÁRIO DE ITURAMA,Evento ,Educação,17/08/2021,20/08/2021,07/07/2021,09/07/2021,SIEX - Fluxo Contínuo,Não Tem Recurso Financeiro,----
220/2021,Fabricação de álcool gel e outros antissépticos na prevenção da COVID-19,LUCAS FERREIRA DE PAULA,CAMPUS UNIVERSITÁRIO DE ITURAMA,Projeto,Saúde,28/09/2021,28/09/2022,24/05/2021,13/07/2021,SIEX - Fluxo Contínuo,Não Tem Recurso Financeiro,----
221/2021,English for all,SURAYA GOMES NOVAIS SHIMANO,ICS,Projeto,Educação,08/07/2021,20/12/2021,10/06/2021,13/07/2021,SIEX - Fluxo Contínuo,Não Tem Recurso Financeiro,----
222/2021,NHE´É PORÃ - PALAVRAS SAGRADAS: Saberes originário para educadores ,JONAS BACH JUNIOR,IELACHS,Curso,Educação,02/08/2021,30/11/2021,01/07/2021,13/07/2021,SIEX - Fluxo Contínuo,Não Tem Recurso Financeiro,----
223/2021,I Simpósio NIERS: Descomplicando as Revisões Sistemáticas ,LEONARDO AUGUSTO LOMBARDI,ICBN,Evento,Saúde,11/08/2021,11/08/2021,04/07/2021,14/07/2021,SIEX - Fluxo Contínuo,Não Tem Recurso Financeiro,----
224/2021,Criação de conteúdo digital para o Instagram ,OZIRIS BORGES FILHO,IELACHS,Projeto,Educação,13/07/2021,09/12/2021,14/06/2021,14/07/2021,SIEX - Fluxo Contínuo,Não Tem Recurso Financeiro,----
225/2021,Fundamentos de Justiça Restaurativa na Comunidade,CRISTIANE PAULIN SIMON,ICS,Curso,Direitos Humanos e Justiça,02/08/2021,23/11/2021,05/07/2021,15/07/2021,SIEX - Fluxo Contínuo,Não Tem Recurso Financeiro,----
226/2021,Liga Acadêmica de Neonatologia 2021,VALERIA CARDOSO ALVES CUNALI,ICS,Liga Acadêmica (Programa),Saúde,17/08/2021,17/08/2022,15/07/2021,16/07/2021,SIEX - Fluxo Contínuo,Não Tem Recurso Financeiro,----
227/2021,Liga Acadêmica de Pediatria 2021,VALERIA CARDOSO ALVES CUNALI,ICS,Liga Acadêmica (Programa),Saúde,01/08/2021,01/08/2022,23/06/2021,16/07/2021,SIEX - Fluxo Contínuo,Não Tem Recurso Financeiro,----
228/2021,Agosto Lilás e Universidade: olhares sobre a violência contra a mulher,CRISTIANE PAULIN SIMON,ICS,Evento,Direitos Humanos e Justiça,12/08/2021,26/08/2021,14/07/2021,19/07/2021,SIEX - Fluxo Contínuo,Não Tem Recurso Financeiro,----
229/2021,Tecnologias Digitais na Educação,JAMES ROGADO,CAMPUS UNIVERSITÁRIO DE ITURAMA,Curso,Educação,25/08/2021,25/08/2021,15/07/2021,20/07/2021,SIEX - Fluxo Contínuo,Não Tem Recurso Financeiro,----
230/2021,"Mostra de Pesquisa, Ensino e Extensão do IELACHS",JANAINA FRANCISCA DE SOUZA CAMPOS VINHA,IELACHS,Evento,Educação,23/08/2021,26/08/2021,19/07/2021,21/07/2021,SIEX - Fluxo Contínuo,Não Tem Recurso Financeiro,----
231/2021,Trem das Onze,OZIRIS BORGES FILHO,IELACHS,Evento,Educação,21/08/2021,17/12/2021,20/07/2021,22/07/2021,SIEX - Fluxo Contínuo,Não Tem Recurso Financeiro,----
232/2021,PT-Day 2021 – Dia Mundial da Fisioterapia,SURAYA GOMES NOVAIS SHIMANO,ICS,Evento,Saúde,03/09/2021,03/09/2021,20/07/2021,22/07/2021,SIEX - Fluxo Contínuo,Não Tem Recurso Financeiro,----
233/2021,Discutindo sobre morte: intervenção grupal com acadêmicos,EDUARDO SOUSA GOTTI,IELACHS,Curso,Saúde,02/08/2021,10/09/2021,30/06/2021,22/07/2021,SIEX - Fluxo Contínuo,Não Tem Recurso Financeiro,----
234/2021,"Vivenciando a Semana Nacional e Municipal de Ciência, Tecnologia e Inovação ",LISLEI JORGE PATRIZZI MARTINS,ICS,Projeto,Educação,10/08/2021,17/12/2021,13/07/2021,27/07/2021,SIEX - Fluxo Contínuo,Não Tem Recurso Financeiro,----
235/2021,Ética e desenvolvimento sustentável: dialogando sobre responsabilidade e reciprocidade com futuros líderes comunitários,FERNANDA BORGES DE ANDRADE,IELACHS,Projeto,Direitos Humanos e Justiça,14/04/2021,13/11/2021,09/07/2021,27/07/2021,SIEX - Fluxo Contínuo,Não Tem Recurso Financeiro,----
236/2021,X Semana Universitária de Engenharia Química ,KASSIA GRACIELE DOS SANTOS,ICTE,Evento,Tecnologia e Produção,13/09/2021,17/09/2021,22/07/2021,27/07/2021,SIEX - Fluxo Contínuo,Não Tem Recurso Financeiro,----
237/2021,I CONGRESSO MULTIPROFISSIONAL DE ATENÇÃO HOSPITALAR (I COMAH),GILBERTO DE ARAUJO PEREIRA,ICS,Evento,Saúde,12/08/2021,15/08/2021,24/06/2021,28/07/2021,SIEX - Fluxo Contínuo,FUNEPU,"R$6000,00"
238/2021,Núcleo Rondon na Universidade Federal do Triângulo Mineiro    ,BRUNA VIEIRA CABRAL,ICTE,Programa,Meio Ambiente,01/07/2021,01/07/2022,02/07/2021,29/07/2021,SIEX - Fluxo Contínuo,PROEXT - UFTM (1 Bolsa de Extensão - 06 meses/2021 - julho a dezembro/2021 - PS DDEX nº 07/2021),"R$ 2.400,00"
239/2021,"Iº Seminário Studia Brasiliensia ""Brasileir@s, quem somos?""",LUCIO ALVARO MARQUES,IELACHS,Evento,Educação,30/09/2021,02/10/2021,16/07/2021,29/07/2021,SIEX - Fluxo Contínuo,Não Tem Recurso Financeiro,----
240/2021,Encontro comemorativo dos 15 anos do Curso de Fisioterapia da UFTM,KARINA PEREIRA,ICS,Evento,Saúde,24/08/2021,25/08/2021,25/07/2021,30/07/2021,SIEX - Fluxo Contínuo,Não Tem Recurso Financeiro,----
241/2021,1º Simpósio da Liga das Artes Maria Faceira - UFTM:  Um Bando das Artes e pelas Artes!,CLAUDIA FRANCO MONTEIRO,ICS,Evento,Cultura,19/08/2021,20/08/2021,20/07/2021,03/08/2021,SIEX - Fluxo Contínuo,Não Tem Recurso Financeiro,----
242/2021,Revista PET Brasil,OZIRIS BORGES FILHO,IELACHS,Projeto,Educação,09/08/2021,31/12/2021,10/07/2021,04/08/2021,SIEX - Fluxo Contínuo,Não Tem Recurso Financeiro,----
243/2021,Utilização da ferramenta de mídia social Instagram na construção e divulgação do conhecimento científico em saúde coletiva e do idoso,DARLENE MARA DOS SANTOS TAVARES,ICS,Projeto,Saúde,23/08/2021,30/12/2021,20/07/2021,04/08/2021,SIEX - Fluxo Contínuo,Não Tem Recurso Financeiro,----
244/2021,II SIMPÓSIO E CURSO INTRODUTÓRIO À LIGA INTERDISCIPLINAR AQUÁTICA,SURAYA GOMES NOVAIS SHIMANO,ICS,Evento,Saúde,19/08/2021,19/08/2021,30/07/2021,05/08/2021,SIEX - Fluxo Contínuo,Não Tem Recurso Financeiro,----
245/2021,Acolhimento e orientação para pais e cuidadores de crianças com síndrome de Down,KARINA PEREIRA,ICS,Projeto,Saúde,23/08/2021,10/12/2021,23/07/2021,09/08/2021,SIEX - Fluxo Contínuo,Não Tem Recurso Financeiro,----
246/2021,Liga Acadêmica de Trissomia do 21,MAIRA FERREIRA DO AMARAL,ICS,Liga Acadêmica (Programa),Saúde,01/09/2021,11/06/2022,03/08/2021,09/08/2021,SIEX - Fluxo Contínuo,Não Tem Recurso Financeiro,----
247/2021,GRUPO DE ESTUDO EM SAÚDE DAS POPULAÇÕES (GRUESP): WHATSAPP® COMO RECURSO PARA A EDUCAÇÃO EM SAÚDE,ISABEL APARECIDA PORCATTI DE WALSH,ICS,Projeto,Educação,23/08/2021,27/07/2022,21/07/2021,09/08/2021,SIEX - Fluxo Contínuo,Não Tem Recurso Financeiro,----
248/2021,I SIMPÓSIO INTRODUTÓRIO DA LIGA ACADÊMICA DE PSICOLOGIA DO ESPORTE,ALINE DESSUPOIO CHAVES,ICS,Evento,Saúde,09/09/2021,10/09/2021,28/07/2021,09/08/2021,SIEX - Fluxo Contínuo,Não Tem Recurso Financeiro,----
249/2021,LIGA ACADÊMICA DE NEUROCIRURGIA DA UFTM,ROBERTO ALEXANDRE DEZENA,ICS,Liga Acadêmica (Programa),Saúde,15/08/2021,15/08/2022,13/07/2021,09/08/2021,SIEX - Fluxo Contínuo,Não Tem Recurso Financeiro,----
250/2021,VI Fórum do Instituto de Ciências da Saúde: Estratégias para cuidar da saúde física e mental.,ANDREA RUZZI PEREIRA,ICS,Evento,Saúde,15/09/2021,15/09/2021,05/08/2021,10/08/2021,SIEX - Fluxo Contínuo,Não Tem Recurso Financeiro,----
251/2021,ÁGAPE: Atendimento Generalista a Populações Especiais,SURAYA GOMES NOVAIS SHIMANO,ICS,Programa,Direitos Humanos e Justiça,31/08/2021,23/12/2022,03/08/2021,13/08/2021,SIEX - Fluxo Contínuo,Não Tem Recurso Financeiro,----
252/2021,XI Curso Introdutório à Liga Acadêmica de Neurociências da UFTM,PATRICIA HELENA ZANIER GOMES,ICBN,Evento,Saúde,26/08/2021,26/08/2021,09/08/2021,16/08/2021,SIEX - Fluxo Contínuo,Não Tem Recurso Financeiro,----
253/2021,Ação popular solidária e distribuição de EPis no enfrentamento à Covid-19,MARCIO DE QUEIROZ MURAD,CENTRO DE EDUCAÇÃO PROFISSIONAL,Projeto,Saúde,01/05/2021,31/12/2021,03/08/2021,18/08/2021,SIEX - Fluxo Contínuo,FUNEPU,"R$ 9.800,00"
254/2021,III Curso de Atualização em Pesquisa Translacional: do experimental à clínica,JULIANA REIS MACHADO E SILVA,ICBN,Curso,Saúde,14/09/2021,16/09/2021,05/08/2021,19/08/2021,SIEX - Fluxo Contínuo,Não Tem Recurso Financeiro,----
255/2021,Você na UFTM,REGINA LIMA ANDRADE GONCALLO,PROENS,Projeto,Comunicação,12/09/2021,30/04/2022,12/08/2021,20/08/2021,SIEX - Fluxo Contínuo,Não Tem Recurso Financeiro,----
256/2021,VI Simpósio e Curso Introdutório de Cuidados Paliativos da LACP/UFTM ,LEILA APARECIDA KAUCHAKJE PEDROSA,ICS,Evento,Saúde,21/08/2021,21/08/2021,11/08/2021,20/08/2021,SIEX - Fluxo Contínuo,Não Tem Recurso Financeiro,----
257/2021,2º Ciclo de Palestras do Núcleo de Estudos e Pesquisas Socioambientais (NEPS),JOB ANTONIO GARCIA RIBEIRO,CAMPUS UNIVERSITÁRIO DE ITURAMA,Evento,Meio Ambiente,13/09/2021,13/12/2021,09/08/2021,23/08/2021,SIEX - Fluxo Contínuo,Não Tem Recurso Financeiro,----
258/2021,Liga Acadêmica de Neurociências da UFTM,PATRICIA HELENA ZANIER GOMES,ICBN,Liga Acadêmica (Programa),Saúde,16/09/2021,15/09/2022,17/08/2021,24/08/2021,SIEX - Fluxo Contínuo,Não Tem Recurso Financeiro,----
259/2021,LIGA ACADÊMICA DE GASTROENTEROLOGIA E HEPATOLOGIA DA UFTM (LAGH- UFTM),GEISA PEREZ MEDINA GOMIDE,ICS,Liga Acadêmica (Programa),Saúde,01/10/2021,01/10/2022,25/08/2021,26/08/2021,SIEX - Fluxo Contínuo,Não Tem Recurso Financeiro,----
260/2021,Formação inicial para a vida acadêmica,WASHINGTON ABADIO DA SILVA,PROACE,Curso,Educação,21/09/2021,22/11/2021,24/08/2021,26/08/2021,SIEX - Fluxo Contínuo,Não Tem Recurso Financeiro,----
261/2021,VII Jornada Universitária em Defesa da Reforma Agrária e Indígena - JURAI,LEANDRA DOMINGUES SILVERIO,IELACHS,Evento,Direitos Humanos e Justiça,13/09/2021,30/09/2021,18/08/2021,27/08/2021,SIEX - Fluxo Contínuo,Não Tem Recurso Financeiro,----
262/2021,I Simpósio da Liga Acadêmica de Trissomia 21,FRANCISLENE GLORIA DE FREITAS REIS,ICBN,Evento,Saúde,02/09/2021,02/09/2021,19/08/2021,27/08/2021,SIEX - Fluxo Contínuo,Não Tem Recurso Financeiro,----
263/2021,"Curso de Eletrocardiografia ""Professor Sylvio Pontes Prata"" 2021",FERNANDO DE MARTINO,ICS,Curso,Saúde,29/09/2021,24/11/2021,24/08/2021,30/08/2021,SIEX - Fluxo Contínuo,Não Tem Recurso Financeiro,----
264/2021,"III Simpósio e Curso Introdutório à Liga Acadêmica de Psicologia e Audiovisual: ""Espelho, espelho meu: O papel das mídias sociais na autopercepção dos sujeitos.""",TALES VILELA SANTEIRO,IELACHS,Evento,Cultura,02/09/2021,02/09/2021,13/08/2021,30/08/2021,SIEX - Fluxo Contínuo,Não Tem Recurso Financeiro,----
265/2021,IX SEGEP - Semana de Graduação em Engenharia de Produção,RENATO LUVIZOTO RODRIGUES DE SOUZA,ICTE,Evento,Tecnologia e Produção,09/09/2021,11/11/2021,17/08/2021,30/08/2021,SIEX - Fluxo Contínuo,Não Tem Recurso Financeiro,----
266/2021,PROGRAMA DE EXTENSÃO ABAIXO DA PELE (Inovações para o ensino de Anatomia Humana e suas potencialidades),RENATA PEREIRA ALVES BALVEDI,CAMPUS UNIVERSITÁRIO DE ITURAMA,Programa,Saúde,23/09/2021,30/09/2022,26/08/2021,01/09/2021,SIEX - Fluxo Contínuo,Não Tem Recurso Financeiro,----
267/2021,1° Simpósio Introdutório à Liga Acadêmica de Psicologia do Desenvolvimento da Criança e do Adolescente - O brincar na Infância e na Adolescência,CONCEICAO APARECIDA SERRALHA,IELACHS,Evento,Saúde,08/09/2021,08/09/2021,23/08/2021,01/09/2021,SIEX - Fluxo Contínuo,Não Tem Recurso Financeiro,----
268/2021,Cuidados com a Ventilação não Invasiva,FABIANA JORGE BUENO GALDINO BARSAM,ICS,Curso,Saúde,03/09/2021,01/11/2021,04/08/2021,03/09/2021,SIEX - Fluxo Contínuo,Não Tem Recurso Financeiro,----
269/2021,SAÚDE SEXUAL E SEXUALIDADE DO IDOSO: DEMANDAS DA ATENÇÃO PRIMÁRIA,ALVARO DA SILVA SANTOS,ICS,Projeto,Saúde,01/09/2021,31/08/2022,19/08/2021,07/09/2021,SIEX - Edital 05/2021 - com bolsa,PROEXT - UFTM / FUNEPU,"R$ 3.600,00"
270/2021,Aprimorando os Conhecimentos ,PATRICIA HELENA ZANIER GOMES,ICBN,Projeto,Educação,01/09/2021,31/08/2022,19/08/2021,07/09/2021,SIEX - Edital 05/2021 - com bolsa,PROEXT - UFTM / FUNEPU,"R$ 3.600,00"
271/2021,Cápsula de Histórias,SABRINA MARTINS BARROSO,IELACHS,Projeto,Cultura,01/09/2021,31/08/2022,19/08/2021,07/09/2021,SIEX - Edital 05/2021 - com bolsa,PROEXT - UFTM / FUNEPU,"R$ 3.600,00"
272/2021,Rota das trilhas: Desenvolvimento social e econômico por meio do turismo,ARIANE FERNANDES DA CONCEICAO,CAMPUS UNIVERSITÁRIO DE ITURAMA,Projeto,Cultura,01/09/2021,31/08/2022,18/08/2021,07/09/2021,SIEX - Edital 05/2021 - com bolsa,PROEXT - UFTM / FUNEPU,"R$ 3.600,00"
273/2021,Meditação: Ciência para Mudança de Hábito,MARINA CASTRO DE ALMEIDA,IELACHS,Projeto,Saúde,01/09/2021,31/08/2022,19/08/2021,07/09/2021,SIEX - Edital 05/2021 - com bolsa,PROEXT - UFTM / FUNEPU,"R$ 3.600,00"
274/2021,III Simpósio da Liga Acadêmica de Pneumologia e Prevenção ao Tabagismo,MARIA HELENA DE CASTRO SILVA,ICS,Evento,Saúde,02/09/2021,02/09/2021,19/08/2021,08/09/2021,SIEX - Fluxo Contínuo,Não Tem Recurso Financeiro,----
275/2021,III SIMPÓSIO INTRODUTÓRIO DA LIGA ACADÊMICA DE AVALIAÇÃO FÍSICA – UFTM,JEFFER EIDI SASAKI,DEPARTAMENTO DE DESENVOLVIMENTO DA PÓS-GRADUAÇÃO,Evento,Saúde,21/09/2021,28/09/2021,03/09/2021,08/09/2021,SIEX - Fluxo Contínuo,Não Tem Recurso Financeiro,----
276/2021,Liga Acadêmica de Pneumologia e Prevenção ao Tabagismo,MARIA HELENA DE CASTRO SILVA,ICS,Liga Acadêmica (Programa),Educação,23/09/2021,22/09/2022,26/08/2021,10/09/2021,SIEX - Fluxo Contínuo,Não Tem Recurso Financeiro,----
277/2021,"Análise estatística: noções básicas de construção de banco de dados, análises descritiva e inferencial",LEILA APARECIDA KAUCHAKJE PEDROSA,ICS,Curso,Educação,18/10/2021,19/10/2021,03/09/2021,13/09/2021,SIEX - Fluxo Contínuo,Não Tem Recurso Financeiro,----
278/2021,Aula Aberta 3 – comunicação entre pais e filhos: uma visão psicossocial,LUCIANA MARIA DA SILVA,ICS,Evento,Direitos Humanos e Justiça,20/09/2021,27/09/2021,06/09/2021,14/09/2021,SIEX - Fluxo Contínuo,Não Tem Recurso Financeiro,----
279/2021,"V SEMANA DE SERVIÇO SOCIAL :  Serviço Social, trabalho contemporâneo e pandemia",DANIELLA DE SOUZA SANTOS NESPOLI,IELACHS,Evento,Direitos Humanos e Justiça,29/09/2021,21/10/2021,09/09/2021,14/09/2021,SIEX - Fluxo Contínuo,Não Tem Recurso Financeiro,----
280/2021,II Colóquio sobre Intervenção Precoce para Lactentes: Responsabilidade compartilhada com a família,ELAINE LEONEZI GUIMARAES,ICS,Evento,Saúde,25/09/2021,25/09/2021,15/09/2021,15/09/2021,SIEX - Fluxo Contínuo,Não Tem Recurso Financeiro,----
281/2021,Cuidado integral em saúde às pessoas atendidas no ambulatório de Doenças Infecciosas e Parasitárias do HC- UFTM: Atuação da Residência Multiprofissional em Saúde do Adulto,PATRICIA PAIVA CARVALHO,Hospital de Clínicas - HC,Projeto,Saúde,14/07/2021,13/03/2022,16/06/2021,15/09/2021,SIEX - Fluxo Contínuo,Não Tem Recurso Financeiro,----
282/2021,XIII Simpósio Introdutório à Liga Uberabense Acadêmica de Oncologia,GUILHERME FREIRE ANGOTTI CARRARA,ICS,Evento,Saúde,28/09/2021,28/09/2021,13/09/2021,15/09/2021,SIEX - Fluxo Contínuo,Não Tem Recurso Financeiro,----
283/2021,Biodiversidade de insetos polinizadores e provedores de serviços ecossistêmicos de Uberaba,RHAINER GUILLERMO NASCIMENTO FERREIRA,ICENE,Projeto,Meio Ambiente,19/09/2021,12/09/2022,30/08/2021,16/09/2021,SIEX - Edital 09/2021 - com bolsa,PROEXT - UFTM,"R$ 2.400,00"
284/2021,"Inventário do uso agrícola do solo no município de Uberaba, MG, por meio de geotecnologias.",RICARDO VICENTE FERREIRA,IELACHS,Projeto,Meio Ambiente,19/09/2021,12/09/2022,23/08/2021,16/09/2021,SIEX - Edital 09/2021 - com bolsa,PROEXT - UFTM,"R$ 4.800,00"
285/2021,Passeio Virtual 360° pelo Projeto Geopark Uberaba - Terra de Gigantes,JOSENILSON BERNARDO DA SILVA,IELACHS,Projeto,Educação,19/09/2021,12/09/2022,30/08/2021,16/09/2021,SIEX - Edital 09/2021 - com bolsa,PROEXT - UFTM,"R$ 1.600,00"
286/2021,Semana do Coração,FERNANDO DE MARTINO,ICS,Evento,Saúde,17/10/2021,24/10/2021,14/09/2021,16/09/2021,SIEX - Fluxo Contínuo,Não Tem Recurso Financeiro,----
287/2021,Semiologia em Dose Única: Aula Inaugural da Liga Acadêmica de Clínica Médica da UFTM,RODRIGO JULIANO MOLINA,ICS,Evento,Saúde,02/10/2021,02/10/2021,02/09/2021,17/09/2021,SIEX - Fluxo Contínuo,Não Tem Recurso Financeiro,----
288/2021,II Simpósio e Curso Introdutório à Liga Interdisciplinar de Saúde do Idoso,LISLEI JORGE PATRIZZI MARTINS,ICS,Evento,Saúde,09/08/2021,10/08/2021,14/07/2021,17/09/2021,SIEX - Fluxo Contínuo,Não Tem Recurso Financeiro,----
289/2021,Semear: Projeto de comunicação e divulgação da Licenciatura em Educação do Campo em territórios rurais,VERONICA KLEPKA,ICENE,Projeto,Educação,08/10/2021,30/11/2021,10/09/2021,20/09/2021,SIEX - Fluxo Contínuo,Não Tem Recurso Financeiro,----
290/2021,"7º JIEPE - Jornada Integrada de Ensino, Pesquisa e Extensão",FABRICIO ANIBAL CORRADINI,PROEXT,Evento,Comunicação,20/09/2021,31/12/2021,06/09/2021,27/09/2021,SIEX - Fluxo Contínuo,Não Tem Recurso Financeiro,----
291/2021,VI Seminário de Pesquisa do PROFLETRAS e Semana dos Cursos de Letras da UFTM,ELIZANDRA ZEULLI,IELACHS,Evento,Educação,28/09/2021,01/10/2021,20/09/2021,28/09/2021,SIEX - Fluxo Contínuo,Não Tem Recurso Financeiro,----
292/2021,XVIII Curso de Aperfeiçoamento em Nefropatologia   ,JULIANA REIS MACHADO E SILVA,ICBN,Curso,Saúde,04/10/2021,29/10/2021,22/09/2021,29/09/2021,SIEX - Fluxo Contínuo,FUNEPU                Não Tem Recurso Financeiro,"R$15.000,00"
293/2021,II Curso Introdutório da Liga Acadêmica de Nutrição e Atividade Física (LANAF). II Simpósio da LANAF,MARA CLEIA TREVISAN,ICS,Evento,Saúde,13/10/2021,04/11/2021,29/09/2021,30/09/2021,SIEX - Fluxo Contínuo,Não Tem Recurso Financeiro,----
294/2021,SaúdeInova: compartilhando habilidades essenciais ao profissional do futuro,LUCIANA DE ALMEIDA SILVA TEIXEIRA,ICS,Projeto,Saúde,23/09/2021,23/03/2022,23/08/2021,01/10/2021,SIEX - Fluxo Contínuo,Não Tem Recurso Financeiro,----
295/2021,IX Semana de Engenharia Civil,FABIO MARTIN ROCHA,ICTE,Evento,Tecnologia e Produção,18/10/2021,29/10/2021,03/10/2021,04/10/2021,SIEX - Fluxo Contínuo,Não Tem Recurso Financeiro,----
296/2021,1º Simpósio Interdisciplinar de Terapia Intensiva.,HUDSON HENRIQUE GOMES PIRES,ICS,Evento,Saúde,20/10/2021,20/10/2021,27/09/2021,05/10/2021,SIEX - Fluxo Contínuo,Não Tem Recurso Financeiro,----
297/2021,MULHERIDADES EM DEBATE,ANA PAULA FERNANDES,ICS,Evento,Saúde,22/10/2021,23/10/2021,30/09/2021,06/10/2021,SIEX - Fluxo Contínuo,Não Tem Recurso Financeiro,----
298/2021,V Jornada Integrada de Estudos Ambientais,CARLA ELOISA DINIZ DOS SANTOS,ICTE,Evento,Meio Ambiente,24/11/2021,25/11/2021,27/09/2021,06/10/2021,SIEX - Fluxo Contínuo,Não Tem Recurso Financeiro,----
299/2021,V Seminário de TCC da Educação Física/UFTM,DONIZETE CICERO XAVIER DE OLIVEIRA,ICS,Evento,Saúde,29/11/2021,01/12/2021,01/10/2021,07/10/2021,SIEX - Fluxo Contínuo,Não Tem Recurso Financeiro,----
300/2021 (Nº de registro alterado - ver planilha de 2022),I ENCONTRO DE TÉCNICO-ADMINISTRATIVOS EM EDUCAÇÃO DA UFTM – ETAE: contribuições para o desenvolvimento científico e institucional,WALESKA DAYSE DIAS DE SOUSA,ICENE,Evento,Trabalho,22/03/2022,24/03/2022,05/10/2021,07/10/2021,SIEX - Fluxo Contínuo,Não Tem Recurso Financeiro,----
301/2021,II SIMPÓSIO DA LIGA ACADÊMICA DE SAÚDE COLETIVA -LASC– UFTM,JULIANA MARTINS PINTO,ICS,Evento,Saúde,08/10/2021,29/10/2021,24/09/2021,08/10/2021,SIEX - Fluxo Contínuo,Não Tem Recurso Financeiro,----
302/2021,Liga Interdisciplinar de Saúde do Idoso,LISLEI JORGE PATRIZZI MARTINS,ICS,Liga Acadêmica (Programa),Saúde,25/10/2021,27/10/2022,20/09/2021,13/10/2021,SIEX - Fluxo Contínuo,Não Tem Recurso Financeiro,----
303/2021,1o Simpósio de Estágio Curricular Supervisionado do Curso de Engenharia de Alimentos da UFTM (1o SimEEAli),PAULO HENRIQUE MARIANO MARFIL,ICTE,Evento,Tecnologia e Produção,29/10/2021,29/12/2021,08/10/2021,13/10/2021,SIEX - Fluxo Contínuo,Não Tem Recurso Financeiro,----
304/2021,I Simpósio Introdutório à Liga Acadêmica de Gastroenterologia e Hepatologia da UFTM,GEISA PEREZ MEDINA GOMIDE,ICS,Evento,Saúde,27/10/2021,27/10/2021,22/09/2021,14/10/2021,SIEX - Fluxo Contínuo,Não Tem Recurso Financeiro,----
305/2021,II JORNADA DAS LICENCIATURAS DO ICENE - SEMANA INTEGRADA (BioFisQuiLeMat2021),CAMILA LIMA MIRANDA,ICENE,Evento,Educação,03/11/2021,05/11/2021,07/10/2021,18/10/2021,SIEX - Fluxo Contínuo,Não Tem Recurso Financeiro,----
306/2021,Projeto de Estimulação Precoce – Terapia Ocupacional (PEPTO),LUCIENY ALMOHALHA,ICS,Projeto,Saúde,11/11/2021,30/12/2022,14/10/2021,19/10/2021,SIEX - Fluxo Contínuo,Não Tem Recurso Financeiro,----
307/2021,Curso de formação em manejo de grupos,CONCEICAO APARECIDA SERRALHA,IELACHS,Curso ,Educação,27/10/2021,08/12/2021,29/09/2021,19/10/2021,SIEX - Fluxo Contínuo,Não Tem Recurso Financeiro,----
308/2021,II Encontro de Medicina do Estilo de Vida do Triângulo Mineiro,LISLEI JORGE PATRIZZI MARTINS,Coordenadoria dos Programas de Pós-graduação Stricto Sensu,Evento,Saúde,29/10/2021,29/10/2021,15/10/2021,21/10/2021,SIEX - Fluxo Contínuo,Não Tem Recurso Financeiro,----
309/2021,Liga Acadêmica de Avaliação Física,JEFFER EIDI SASAKI,Departamento de Desenvolvimento da Pós-graduação,Liga Acadêmica (Programa),Saúde,05/11/2021,30/11/2025,08/10/2021,21/10/2021,SIEX - Fluxo Contínuo,Não Tem Recurso Financeiro,----
310/2021,Liga Acadêmica de Saúde Esportiva (LASE),DANIEL FERREIRA MOREIRA LOBATO,PROPPG,Liga Acadêmica (Programa),Saúde,17/05/2021,30/04/2026,16/04/2021,22/10/2021,SIEX - Fluxo Contínuo,Não Tem Recurso Financeiro,----
311/2021,X JORNADA DE SAÚDE DO HOMEM,GILBERTO DE ARAUJO PEREIRA,ICS,Evento,Saúde,03/11/2021,23/12/2021,14/10/2021,22/10/2021,SIEX - Fluxo Contínuo,Não Tem Recurso Financeiro,----
312/2021,Atendimento Humanizado e Integral: ações da equipe multiprofissional a pacientes com lesão crônica em um ambulatório de um Hospital Universitário ,LUCIA APARECIDA FERREIRA,ICS,Projeto,Saúde,25/10/2021,16/03/2022,27/09/2021,25/10/2021,SIEX - Fluxo Contínuo,Não Tem Recurso Financeiro,----
313/2021,1ª Semana de Conscientização em Saúde e Esporte da LAMIE,MURILO ANTONIO ROCHA,PROENS,Projeto,Saúde,15/11/2021,26/11/2021,17/10/2021,26/10/2021,SIEX - Fluxo Contínuo,Não Tem Recurso Financeiro,----
314/2021,Liga Acadêmica de Cuidados Paliativos 2021,LEILA APARECIDA KAUCHAKJE PEDROSA,ICS,Liga Acadêmica (Programa),Saúde,08/11/2021,18/11/2022,10/10/2021,26/10/2021,SIEX - Fluxo Contínuo,Não Tem Recurso Financeiro,----
315/2021,I Simpósio de Atividades Aquáticas: a extensão universitária na formação profissional - 10 anos do Aqua/UFTM,ALINE DESSUPOIO CHAVES,Pró-reitoria de Ensino,Evento,Saúde,08/11/2021,11/11/2021,20/10/2021,27/10/2021,SIEX - Fluxo Contínuo,Não Tem Recurso Financeiro,----
316/2021 (proposta cancelada),"Prospecção de oportunidades de Pesquisa, Desenvolvimento e Inovação entre a UFTM e o setor privado",DOUGLAS MOURA MIRANDA,Núcleo de Inovação Tecnológica,Programa,Tecnologia e Produção,1/12/2021,30/11/2026,19/10/2021,28/10/2021,SIEX - Fluxo Contínuo,Não Tem Recurso Financeiro,----
317/2021,"XVI Encontro Internacional de Estudos Medievais - ""Sob o véu de versos estranhos"": Dante em perspectiva multidisciplinar",CLAUDIA REGINA BOVO,IELACHS,Evento,Educação,24/11/2021,26/11/2021,20/10/2021,28/10/2021,SIEX - Fluxo Contínuo,Não Tem Recurso Financeiro,----
318/2021,Utilização dos Sistemas de Informação em Saúde (DATASUS) para pesquisa e gestão em saúde,SIOMAR DE CASTRO SOARES,Departamento de Desenvolvimento de Pesquisa e Inovação Tecnológica,Curso,Saúde,01/11/2021,29/11/2021,14/10/2021,29/10/2021,SIEX - Fluxo Contínuo,Não Tem Recurso Financeiro,----
319/2021,Novembro Azul 2021 - Campanha de Combate ao Câncer de Próstata ,LUIS GUSTAVO FAGUNDES NUNES,ICS,EVENTO,SAÚDE,05/11/2021,07/12/2021,22/10/0202,29/10/2021,SIEX - Fluxo Contínuo,Não Tem Recurso Financeiro,----
320/2021,Oferta de Cursos Técnicos/Cefores pelo Projeto Trilhas de Futuro,PAULO ROBERTO DA SILVA,CEFORES,Projeto,Educação,25/10/2021,25/10/2023,29/10/2021,29/10/2021,SIEX - Fluxo Contínuo,FUNEPU,"R$ 1.477.582,30"
321/2021,Festival Cultural de Uberaba ,LUIZ FERNANDO RESENDE DOS SANTOS ANJO,Reitoria/UFTM,Projeto,Cultura,08/06/2021,31/12/2021,29/09/2021,29/10/2021,SIEX - Fluxo Contínuo,PROEXT - UFTM (2 Bolsas de Extensão - 05 meses - ago a dez/21 - Edital nº 10/2021),"R$ 4.000,00"
322/2021,"I simpósio Grupo de Pesquisa em Fisiologia Aplicada, Nutrição e Exercício da UFTM.",MARKUS VINICIUS CAMPOS SOUZA,ICS,Evento,Saúde,29/11/2021,01/12/2021,22/10/2021,29/10/2021,SIEX - Fluxo Contínuo,Não Tem Recurso Financeiro,----
323/2021,X Semana de História da UFTM,FABIO AFONSO FRIZZO DE MORAES LIMA,IELACHS,Evento,Educação,22/10/2021,26/11/2021,11/11/2021,11/11/2021,SIEX - Fluxo Contínuo,Não Tem Recurso Financeiro,----
324/2021,CURSINHO DE EDUCAÇÃO POPULAR - CEPOP,ANA PALMIRA SOARES DOS SANTOS,CEFORES,Programa,Educação,11/05/2021,12/05/2022,06/10/2021,12/11/2021,SIEX - Fluxo Contínuo,Não Tem Recurso Financeiro,----
325/2021,Liga Uberabense Acadêmica de Oncologia,GUILHERME FREIRE ANGOTTI CARRARA,ICS,Liga Acadêmica (Programa),Saúde,23/11/2021,23/11/2022,26/10/2021,17/11/2021,SIEX - Fluxo Contínuo,Não Tem Recurso Financeiro,----
326/2021 (Nº de registro alterado - ver planilha de 2022),Anatomia descritiva e funcional do sistema articular,LEONARDO AUGUSTO LOMBARDI,ICBN,Curso,Saúde,17/01/2022,28/01/2022,22/10/2021,17/11/2021,SIEX - Fluxo Contínuo,Não Tem Recurso Financeiro,----
327/2021, Mapa corporal: conceitos e experimentações introdutórias ,MARINA LEANDRINI DE OLIVEIRA,ICS,Evento,Educação,16/11/2021,18/11/2021,29/10/2021,18/11/2021,SIEX - Fluxo Contínuo,Não Tem Recurso Financeiro,----
328/2021,Webinar: Desafios na atenção ao prematuro e sua família,MARIANA TORREGLOSA RUIZ,ICS,Evento,Saúde,01/12/2021,15/12/2021,17/11/2021,18/11/2021,SIEX - Fluxo Contínuo,Não Tem Recurso Financeiro,----
329/2021,"Prospecção de oportunidades de Pesquisa, Desenvolvimento e Inovação entre a UFTM e empresas",DOUGLAS MOURA MIRANDA,Núcleo de Inovação Tecnológica,Projeto,Tecnologia e Produção,25/11/2021,24/11/2023,8/11/2021,19/11/2021,SIEX - Fluxo Contínuo,Não Tem Recurso Financeiro,----
330/2021,III Encontro de Geriatria e Gerontologia do Triângulo Mineiro,VITORIA HELENA MACIEL COELHO,ICS,Evento,Saúde,17/11/2021,18/11/2021,03/11/2021,23/11/2021,SIEX - Fluxo Contínuo,Não Tem Recurso Financeiro,----
331/2021,CONCURSO DE REDAÇÃO DO PROJETO UBERABA 200 ANOS: A UFTM TAMBÉM FAZ PARTE DESSA HISTÓRIA,PAULA CUSINATO,DDCult/PROEXT,Evento,Cultura,20/07/2021,31/07/2021,06/07/2021,23/11/2021,SIEX - Fluxo Contínuo,Não Tem Recurso Financeiro,----
332/2021,II Simpósio da Liga Universitária da Amamentação,LUCIANO BORGES SANTIAGO,ICS,Evento,Educação,07/12/2021,07/12/2021,18/11/2021,24/11/2021,SIEX - Fluxo Contínuo,Não Tem Recurso Financeiro,----
333/2021 (Nº de registro alterado - ver planilha de 2022),VIII SIMPÓSIO INTERNACIONAL DE ESTUDOS LINGUÍSTICOS E LITERÁRIOS,ANA AMELIA CALAZANS DA ROSA,IELACHS,Evento,Educação,03/05/2022,06/05/2022,18/11/2021,24/11/2021,SIEX - Fluxo Contínuo,FUNEPU,"23.850,73"
334/2021,"IV Colóquio Internacional sobre Escrita, Variação e Interculturalidade: estudos e pesquisas (CIEVLI) e III Roda de Conversa sobre Cooperação Acadêmica Brasil-África",JULIANA BERTUCCI BARBOSA,IELACHS,Evento,Educação,29/11/2021,01/12/2021,9/11/2021,25/11/2021,SIEX - Fluxo Contínuo,Não Tem Recurso Financeiro,----
335/2021 (Nº de registro alterado - ver planilha de 2022),Doação de Sangue - compromisso social,SHEILA SOARES SILVA,ICS,Projeto,Saúde,03/01/2022,31/10/2022,23/11/2021,03/12/2021,SIEX - Fluxo Contínuo,Não Tem Recurso Financeiro,----
336/2021,III simpósio e curso introdutório à Liga Acadêmica de Patologia Geral e Nefropatologia ,JULIANA REIS MACHADO E SILVA,PROPPG,Evento,Saúde,13/12/2021,13/12/2021,2/12/2021,06/12/2021,SIEX - Fluxo Contínuo,Não Tem Recurso Financeiro,----
337/2021 (Nº de registro alterado - ver planilha de 2022),"Guia Digital Ilustrado das Angiospermas do Bairro Rural de Peirópolis, Uberaba, MG",POLYANA NORONHA SOARES,ICENE,Projeto,Educação,06/01/2022,06/07/2022,26/11/2021,06/12/2021,SIEX - Fluxo Contínuo,Não Tem Recurso Financeiro,----
338/2021,V Simpósio da Liga Acadêmica de Saúde Esportiva (LASE) e V Curso Introdutório à LASE,DANIEL FERREIRA MOREIRA LOBATO,PROPPG,Evento,Saúde,10/12/2021,10/12/2021,26/11/2021,06/12/2021,SIEX - Fluxo Contínuo,Não Tem Recurso Financeiro,----
339/2021,"Curso de Capacitação da Rede de Atendimento  a Criança e do Adolescente - Uberaba, MG",AILTON DE SOUZA ARAGAO,ICS,Curso,Direitos Humanos e Justiça,21/12/2021,29/12/2021,23/11/2021,09/12/2021,SIEX - Fluxo Contínuo,Não Tem Recurso Financeiro,----
340/2021,Liga de Análises Clínicas (LAC),ALEXANDRE DE PAULA ROGERIO,ICS,Programa,Educação,06/12/2021,16/12/2022,21/10/2021,13/12/2021,SIEX - Fluxo Contínuo,Não Tem Recurso Financeiro,----
341/2021,II Jornada do Setembro Amarelo ,TOMAS ROTELLI DE OLIVEIRA FERREIRA,ICS,Evento,Educação,20/9/2021,30/09/2021,9/12/2021,23/12/2021,SIEX - Fluxo Contínuo,Não Tem Recurso Financeiro,----
342/2021,Liga Acadêmica de Psicobiologia - L-Psicobio,Sionaldo Eduardo Ferreira,ICBN,Liga Acadêmica (Programa),Saúde,01/03/2021,01/12/2021,19/12/2020,12/01/2021,SIGProj - Edital PIBEX nº  07/2020 - sem bolsa,PROEXT-UFTM,----
,,,,,,,,,,,,
Atualizada em 22/03/2022,,,,,,,,,,,,